,Unnamed: 0,objectid,uid,creator,nm_dat_das,thn_data,kewenangan,provinsi,kab_kota,kecamatan,kel_desa,nm_sungai,kapasitas,jns_pompa,kondisi_pompa,tgl_inspeksi,geometry
0,0,1,171a963d-ae3a-4024-950e-bccf8e5cf423,Tidak Diketahui,Pompa Banjir Sungai Asahan Paket 2 (1),2021,BWS Sumatera II,Sumatera Utara,Asahan,--,--,Tidak Diketahui,2.0,Submersible,berfungsi,1629849600000.0,POINT (99.84992300000005 2.9886520000000587)
1,1,2,eb8b75f2-7dad-11ec-9f7c-0050568846de,najib_baedlowi,Rumah Pompa Sedompyong (2),2021,PU Kota,Jawa Tengah,,Tidak Diketahui,Tidak Diketahui,Tidak Diketahui,1.5,Tidak Diketahui,Operasional,1643155200000.0,POINT (110.43727530000007 -6.956891999999925)
2,2,3,312e8428-fbf3-11eb-a0e3-0050568846de,admin,Pompa Tamalate (19),2021,BWS Sulawesi II,Gorontalo,Gorontalo,Tamalate,Mangasa,Jeneberang,0.01,Alkon Pump,berfungsi,1643155200000.0,POINT (119.43167900000003 -5.189014999999927)
3,3,4,ec590f81-7dad-11ec-9f7c-0050568846de,najib_baedlowi,Rumah Pompa Hasanudin (2),2021,PU Kota,Jawa Tengah,,Tidak Diketahui,Tidak Diketahui,Tidak Diketahui,0.1,Tidak Diketahui,Operasional,1643155200000.0,POINT (110.40847330000008 -6.966081999999972)
4,4,5,ed13d50c-7dad-11ec-9f7c-0050568846de,najib_baedlowi,Rumah Pompa Bandara (24),2021,PU Kota,Jawa Tengah,,Tidak Diketahui,Tidak Diketahui,Tidak Diketahui,0.12,Tidak Diketahui,Operasional,1643155200000.0,POINT (110.36458800000008 -6.975516599999935)
5,5,6,bc148a5d-8f1b-4145-b66e-c4b5fd62c01e,Tidak Diketahui,Pompa Ketintang (2),2021,BBWS Brantas,Jawa Timur,Mojokerto,Gondang,Bakalan,Tidak Diketahui,1.0,Submersible,berfungsi,1629849600000.0,POINT (110.84018300000008 -7.575702999999976)
6,6,7,43229390-6e0d-4b8b-8cdf-ff798406c4b1,Tidak Diketahui,Pompa Banjir Beteng (2),2021,BBWS Bengawan Solo,Jawa Timur,Madiun,Manguharjo,Madiun Lor,Tidak Diketahui,1.0,Centrifugal,berfungsi,1629849600000.0,POINT (111.52006100000006 -7.619572999999946)
7,7,8,6f87c860-3d7f-442e-9079-d93901e9b849,Tidak Diketahui,pompa Banjir Parit Belanda Sektor 3 (1),2021,BWS Sumatera III,Riau,Pekan Baru,Rumbai Pesisir,Meranti Pandak,Siak,3.0,Auger,tidak berfungsi,1629849600000.0,POINT (101.43753000000004 0.5435400000000641)
8,8,9,eb8cfdb4-7dad-11ec-9f7c-0050568846de,najib_baedlowi,Rumah Pompa Progo ,2021,PU Kota,Jawa Tengah,,Tidak Diketahui,Tidak Diketahui,Tidak Diketahui,0.4,Tidak Diketahui,Operasional,1643155200000.0,POINT (110.43901600000004 -6.9690389999999525)
9,9,10,31401324-fbf3-11eb-a0e3-0050568846de,admin,Pompa Tamalate (20),2021,BWS Sulawesi II,Gorontalo,Gorontalo,Tamalate,Mangasa,Jeneberang,0.01,Alkon Pump,berfungsi,1643155200000.0,POINT (119.43167900000003 -5.189014999999927)
10,10,11,ec5c2056-7dad-11ec-9f7c-0050568846de,najib_baedlowi,Rumah Pompa Hasanudin (3),2021,PU Kota,Jawa Tengah,,Tidak Diketahui,Tidak Diketahui,Tidak Diketahui,0.08,Tidak Diketahui,Operasional,1643155200000.0,POINT (110.40847330000008 -6.966081999999972)
11,11,12,ed155dc2-7dad-11ec-9f7c-0050568846de,najib_baedlowi,Rumah Pompa Bandara (25),2021,PU Kota,Jawa Tengah,,Tidak Diketahui,Tidak Diketahui,Tidak Diketahui,0.12,Tidak Diketahui,Operasional,1643155200000.0,POINT (110.36458800000008 -6.975516599999935)
12,12,13,1a633b48-d67b-4cd8-8e3b-7a9432259967,Tidak Diketahui,Pompa Banjir Patihan (1),2021,BBWS Bengawan Solo,Jawa Timur,Madiun,Manguharjo,Patihan,Tidak Diketahui,1.0,Centrifugal,berfungsi,1629849600000.0,POINT (111.52695900000003 -7.60928999999993)
13,13,14,ebdf4656-5e03-4217-a77e-23a7924e6faa,Tidak Diketahui,Pompa Sinoman (1),2021,BBWS Brantas,Jawa Timur,Mojokerto,Prajurit Kulon,Miji,Tidak Diketahui,1.0,Submersible,berfungsi,1629849600000.0,POINT (112.44191000000001 -7.474849999999947)
14,14,15,b92c1b6c-d6df-4b71-82a1-a989abf0d122,Tidak Diketahui,Pompa Sinoman (2),2021,BBWS Brantas,Jawa Timur,Mojokerto,Prajurit Kulon,Miji,Tidak Diketahui,1.0,Submersible,berfungsi,1629849600000.0,POINT (112.44191000000001 -7.474849999999947)
15,15,16,ec5da9fb-7dad-11ec-9f7c-0050568846de,najib_baedlowi,Rumah Pompa Hasanudin (4),2021,PU Kota,Jawa Tengah,,Tidak Diketahui,Tidak Diketahui,Tidak Diketahui,0.08,Tidak Diketahui,Operasional,1643155200000.0,POINT (110.40847330000008 -6.966081999999972)
16,16,17,837bc3e2-fbf0-11eb-a0e3-0050568846de,admin,Pompa Pluit Barat (2),2021,BBWS Ciliwung Cisadane,DKI Jakarta,Jakarta Utara,Pluit,Penjaringan,Tidak Diketahui,6.0,Submersible,berfungsi,1643155200000.0,POINT (106.79698000000008 -6.109513799999945)
17,17,18,eb8e5d9a-7dad-11ec-9f7c-0050568846de,najib_baedlowi,Rumah Pompa Polder Tawang (1),2021,PU Kota,Jawa Tengah,,Tidak Diketahui,Tidak Diketahui,Tidak Diketahui,0.5,Tidak Diketahui,Operasional,1643155200000.0,POINT (110.42598330000004 -6.965351899999973)
18,18,19,31503daa-fbf3-11eb-a0e3-0050568846de,admin,Pompa Tamalate (21),2021,BWS Sulawesi II,Gorontalo,Gorontalo,Tamalate,Mangasa,Jeneberang,0.01,Alkon Pump,berfungsi,1643155200000.0,POINT (119.43167900000003 -5.189014999999927)
19,19,20,ed1ee833-7dad-11ec-9f7c-0050568846de,najib_baedlowi,Rumah Pompa Bandara (26),2021,PU Kota,Jawa Tengah,,Tidak Diketahui,Tidak Diketahui,Tidak Diketahui,0.12,Tidak Diketahui,Operasional,1643155200000.0,POINT (110.36458800000008 -6.975516599999935)
20,20,21,ccbf33da-9ddc-4d15-8a22-f0cc6425d56c,Tidak Diketahui,Pompa Banjir Patihan (2),2021,BBWS Bengawan Solo,Jawa Timur,Madiun,Manguharjo,Patihan,Tidak Diketahui,1.0,Centrifugal,berfungsi,1629849600000.0,POINT (111.52695900000003 -7.60928999999993)
21,21,22,8385834e-fbf0-11eb-a0e3-0050568846de,admin,Pompa Pluit Barat (3),2021,BBWS Ciliwung Cisadane,DKI Jakarta,Jakarta Utara,Pluit,Penjaringan,Tidak Diketahui,6.0,Submersible,berfungsi,1643155200000.0,POINT (106.79698000000008 -6.109513799999945)
22,22,23,ed25e201-7dad-11ec-9f7c-0050568846de,najib_baedlowi,Rumah Pompa Bringin (1),2021,PU Kota,Jawa Tengah,,Tidak Diketahui,Tidak Diketahui,Tidak Diketahui,0.08,Tidak Diketahui,Operasional,1643155200000.0,POINT (110.46503000000007 -6.9562839999999255)
23,23,24,eb418986-7dad-11ec-9f7c-0050568846de,najib_baedlowi,Rumah Pompa Kandang Kebo (1),2021,PU Kota,Jawa Tengah,,Tidak Diketahui,Tidak Diketahui,Tidak Diketahui,0.8,Tidak Diketahui,Operasional,1643155200000.0,POINT (110.44225400000005 -6.97696099999996)
24,24,25,84b84e79-37a9-499c-a05c-56a26413c834,Tidak Diketahui,Pompa Banjir Glonggong (1),2021,BBWS Bengawan Solo,Jawa Timur,Madiun,Balerejo,Glonggong,Tidak Diketahui,1.0,Submersible,berfungsi,1629849600000.0,POINT (111.55794200000008 -7.549807999999928)
25,25,26,eb7d8f97-7dad-11ec-9f7c-0050568846de,najib_baedlowi,Rumah Pompa Banger (1),2021,PU Kota,Jawa Tengah,,Tidak Diketahui,Tidak Diketahui,Tidak Diketahui,2.0,Tidak Diketahui,Operasional,1643155200000.0,POINT (110.43783000000008 -6.9539479999999685)
26,26,27,eba3e59b-7dad-11ec-9f7c-0050568846de,najib_baedlowi,Rumah Pompa Polder Tawang (2),2021,PU Kota,Jawa Tengah,,Tidak Diketahui,Tidak Diketahui,Tidak Diketahui,0.15,Tidak Diketahui,Operasional,1643155200000.0,POINT (110.42598330000004 -6.965351899999973)
27,27,28,47167161-99f8-4e68-b7e2-307e6b78fbec,Tidak Diketahui,Pompa Sumberjati (1),2021,BBWS Brantas,Jawa Timur,Mojokerto,Jatirejo,Sumberjati,Tidak Diketahui,1.0,Submersible,berfungsi,1629849600000.0,POINT (112.44191000000001 -7.474849999999947)
28,28,29,ec7285a7-7dad-11ec-9f7c-0050568846de,najib_baedlowi,Rumah Pompa Bulu ,2021,PU Kota,Jawa Tengah,,Tidak Diketahui,Tidak Diketahui,Tidak Diketahui,1.5,Tidak Diketahui,Operasional,1643155200000.0,POINT (110.38276270000006 -6.963628599999936)
29,29,30,316424c4-fbf3-11eb-a0e3-0050568846de,admin,Pompa Tamalate (22),2021,BWS Sulawesi II,Gorontalo,Gorontalo,Tamalate,Mangasa,Jeneberang,0.01,Alkon Pump,berfungsi,1643155200000.0,POINT (119.43167900000003 -5.189014999999927)
30,30,31,839859bb-fbf0-11eb-a0e3-0050568846de,admin,Pompa Pluit Barat (5),2021,BBWS Ciliwung Cisadane,DKI Jakarta,Jakarta Utara,Pluit,Penjaringan,Tidak Diketahui,4.0,Submersible,berfungsi,1643155200000.0,POINT (106.79698000000008 -6.109513799999945)
31,31,32,ed2a6638-7dad-11ec-9f7c-0050568846de,najib_baedlowi,Rumah Pompa Bringin (2),2021,PU Kota,Jawa Tengah,,Tidak Diketahui,Tidak Diketahui,Tidak Diketahui,0.08,Tidak Diketahui,Operasional,1643155200000.0,POINT (110.46503000000007 -6.9562839999999255)
32,32,33,eb43d2cc-7dad-11ec-9f7c-0050568846de,najib_baedlowi,Rumah Pompa Kandang Kebo (2),2021,PU Kota,Jawa Tengah,,Tidak Diketahui,Tidak Diketahui,Tidak Diketahui,0.8,Tidak Diketahui,Operasional,1643155200000.0,POINT (110.44225400000005 -6.97696099999996)
33,33,34,c6ca6f36-dac2-483b-ac34-df9dfd1599ba,Tidak Diketahui,Pompa Banjir Glonggong (2),2021,BBWS Bengawan Solo,Jawa Timur,Madiun,Balerejo,Glonggong,Tidak Diketahui,1.0,Submersible,berfungsi,1629849600000.0,POINT (111.55794200000008 -7.549807999999928)
34,34,35,eb7f3a82-7dad-11ec-9f7c-0050568846de,najib_baedlowi,Rumah Pompa Banger (2),2021,PU Kota,Jawa Tengah,,Tidak Diketahui,Tidak Diketahui,Tidak Diketahui,2.0,Tidak Diketahui,Operasional,1643155200000.0,POINT (110.43783000000008 -6.9539479999999685)
35,35,36,eba9fbae-7dad-11ec-9f7c-0050568846de,najib_baedlowi,Rumah Pompa Lanal (1),2021,PU Kota,Jawa Tengah,,Tidak Diketahui,Tidak Diketahui,Tidak Diketahui,0.4,Tidak Diketahui,Operasional,1643155200000.0,POINT (110.42523750000004 -6.966042899999934)
36,36,37,bac059e1-4c4d-46c9-b4dc-f71c97281ebf,Tidak Diketahui,Pompa Sumberjati (2),2021,BBWS Brantas,Jawa Timur,Mojokerto,Jatirejo,Sumberjati,Tidak Diketahui,1.0,Submersible,berfungsi,1629849600000.0,POINT (112.44191000000001 -7.474849999999947)
37,37,38,ec743e5d-7dad-11ec-9f7c-0050568846de,najib_baedlowi,Rumah Pompa Madukoro (1),2021,PU Kota,Jawa Tengah,,Tidak Diketahui,Tidak Diketahui,Tidak Diketahui,0.3,Tidak Diketahui,Operasional,1643155200000.0,POINT (110.39579290000006 -6.96076759999994)
38,38,39,3175d8aa-fbf3-11eb-a0e3-0050568846de,admin,Pompa Tamalate (23),2021,BWS Sulawesi II,Gorontalo,Gorontalo,Tamalate,Mangasa,Jeneberang,0.01,Alkon Pump,berfungsi,1643155200000.0,POINT (119.43167900000003 -5.189014999999927)
39,39,40,84514a58-fbf0-11eb-a0e3-0050568846de,admin,Pompa 3 Kampung Pulo,2021,BBWS Ciliwung Cisadane,DKI Jakarta,Jakarta Timur,Jatinegara,Kampung Melayu,Tidak Diketahui,0.05,Submersible,berfungsi,1643155200000.0,POINT (106.86175000000009 -6.220375399999966)
40,40,41,ebac0e81-7dad-11ec-9f7c-0050568846de,najib_baedlowi,Rumah Pompa Lanal (2),2021,PU Kota,Jawa Tengah,,Tidak Diketahui,Tidak Diketahui,Tidak Diketahui,0.1,Tidak Diketahui,Operasional,1643155200000.0,POINT (110.42523750000004 -6.966042899999934)
41,41,42,318639ba-fbf3-11eb-a0e3-0050568846de,admin,Pompa Tamalate (24),2021,BWS Sulawesi II,Gorontalo,Gorontalo,Tamalate,Mangasa,Jeneberang,0.01,Alkon Pump,berfungsi,1643155200000.0,POINT (119.43167900000003 -5.189014999999927)
42,42,43,ec76666f-7dad-11ec-9f7c-0050568846de,najib_baedlowi,Rumah Pompa Madukoro (2),2021,PU Kota,Jawa Tengah,,Tidak Diketahui,Tidak Diketahui,Tidak Diketahui,0.3,Tidak Diketahui,Operasional,1643155200000.0,POINT (110.39579290000006 -6.96076759999994)
43,43,44,ed2c179e-7dad-11ec-9f7c-0050568846de,najib_baedlowi,Pompa Museum Kota lama (1),2021,Cipta Karya,Jawa Tengah,,Tidak Diketahui,Tidak Diketahui,Tidak Diketahui,0.05,Tidak Diketahui,Operasional,1643155200000.0,POINT (110.42537300000004 -6.971199999999953)
44,44,45,9d2fa275-424a-49eb-b6e1-e85973a4d9ab,Tidak Diketahui,Pompa Banjir Glonggong (3),2021,BBWS Bengawan Solo,Jawa Timur,Madiun,Balerejo,Glonggong,Tidak Diketahui,1.0,Submersible,berfungsi,1629849600000.0,POINT (111.55794200000008 -7.549807999999928)
45,45,46,7ed86722-1a1f-4d90-a16e-7ce8acc56c0a,Tidak Diketahui,Pompa Gedang (1),2021,BBWS Brantas,Jawa Timur,Mojokerto,Puri,Banjaragung,Tidak Diketahui,1.0,Submersible,berfungsi,1629849600000.0,POINT (112.44191000000001 -7.474849999999947)
46,46,47,84699229-fbf0-11eb-a0e3-0050568846de,admin,Pompa 4 Bukit Duri (2),2021,BBWS Ciliwung Cisadane,DKI Jakarta,Jakarta Selatan,Tebet,Bukit Duri,Tidak Diketahui,0.75,Submersible,berfungsi,1643155200000.0,POINT (106.85929000000004 -6.219916699999942)
47,47,48,ed2d9064-7dad-11ec-9f7c-0050568846de,najib_baedlowi,Pompa Museum Kota lama (2),2021,Cipta Karya,Jawa Tengah,,Tidak Diketahui,Tidak Diketahui,Tidak Diketahui,0.05,Tidak Diketahui,Operasional,1643155200000.0,POINT (110.42537300000004 -6.971199999999953)
48,48,49,eb45f12e-7dad-11ec-9f7c-0050568846de,najib_baedlowi,Rumah Pompa Kandang Kebo (3),2021,PU Kota,Jawa Tengah,,Tidak Diketahui,Tidak Diketahui,Tidak Diketahui,0.8,Tidak Diketahui,Operasional,1643155200000.0,POINT (110.44225400000005 -6.97696099999996)
49,49,50,5ba4b81a-b0ad-4a80-a00a-cedc3ebc0a57,Tidak Diketahui,Pompa Banjir Glonggong (4),2021,BBWS Bengawan Solo,Jawa Timur,Madiun,Balerejo,Glonggong,Tidak Diketahui,1.0,Submersible,berfungsi,1629849600000.0,POINT (111.55794200000008 -7.549807999999928)
50,50,51,eb80e9b5-7dad-11ec-9f7c-0050568846de,najib_baedlowi,Rumah Pompa Banger (3),2021,PU Kota,Jawa Tengah,,Tidak Diketahui,Tidak Diketahui,Tidak Diketahui,2.0,Tidak Diketahui,Operasional,1643155200000.0,POINT (110.43783000000008 -6.9539479999999685)
51,51,52,ebae2d09-7dad-11ec-9f7c-0050568846de,najib_baedlowi,Rumah Pompa Bandaharjo (1),2021,PU Kota,Jawa Tengah,,Tidak Diketahui,Tidak Diketahui,Tidak Diketahui,0.13,Tidak Diketahui,Operasional,1643155200000.0,POINT (110.41956520000008 -6.962234699999954)
52,52,53,9064a1f7-4aab-437f-8643-5e2674cbbf98,Tidak Diketahui,Pompa Gedang (2),2021,BBWS Brantas,Jawa Timur,Mojokerto,Puri,Banjaragung,Tidak Diketahui,1.0,Submersible,berfungsi,1629849600000.0,POINT (112.44191000000001 -7.474849999999947)
53,53,54,ec796229-7dad-11ec-9f7c-0050568846de,najib_baedlowi,Rumah Pompa Madukoro (3),2021,PU Kota,Jawa Tengah,,Tidak Diketahui,Tidak Diketahui,Tidak Diketahui,0.6,Tidak Diketahui,Operasional,1643155200000.0,POINT (110.39579290000006 -6.96076759999994)
54,54,55,319a3005-fbf3-11eb-a0e3-0050568846de,admin,Pompa Tamalate (25),2021,BWS Sulawesi II,Gorontalo,Gorontalo,Tamalate,Mangasa,Jeneberang,0.01,Alkon Pump,berfungsi,1643155200000.0,POINT (119.43167900000003 -5.189014999999927)
55,55,56,a4725457-73a7-47d7-a388-74f716a39714,Tidak Diketahui,Pompa Pluit Barat (6),2021,BBWS Ciliwung Cisadane,DKI Jakarta,Jakarta Utara,Pluit,Penjaringan,Tidak Diketahui,4.0,Submersible,berfungsi,1629849600000.0,POINT (106.79698460000009 -6.109513799999945)
56,56,57,0945ac08-fbf3-11eb-a0e3-0050568846de,admin,Pompa Tukad Mati Tengah ( Beji Ayu),2021,BWS Bali Penida,Bali,Denpasar,Denpasar Barat,Padang Sambian,Tidak Diketahui,3.0,Gate Pump,berfungsi,,POINT (115.17854820000002 -8.731994099999952)
57,57,58,ebaff07b-7dad-11ec-9f7c-0050568846de,najib_baedlowi,Rumah Pompa Bandaharjo (2),2021,PU Kota,Jawa Tengah,,Tidak Diketahui,Tidak Diketahui,Tidak Diketahui,0.13,Tidak Diketahui,Operasional,1643155200000.0,POINT (110.41956520000008 -6.962234699999954)
58,58,59,31a9c1f3-fbf3-11eb-a0e3-0050568846de,admin,Pompa Tamalate (26),2021,BWS Sulawesi II,Gorontalo,Gorontalo,Tamalate,Mangasa,Jeneberang,0.01,Alkon Pump,berfungsi,1643155200000.0,POINT (119.43167900000003 -5.189014999999927)
59,59,60,ec7b7f4a-7dad-11ec-9f7c-0050568846de,najib_baedlowi,Rumah Pompa Tawang Mas Madukoro (1),2021,PU Kota,Jawa Tengah,,Tidak Diketahui,Tidak Diketahui,Tidak Diketahui,4.0,Tidak Diketahui,Operasional,1643155200000.0,POINT (110.39666500000004 -6.964788999999939)
60,60,61,ed2f74b0-7dad-11ec-9f7c-0050568846de,najib_baedlowi,Pompa Museum Kota lama (3),2021,Cipta Karya,Jawa Tengah,,Tidak Diketahui,Tidak Diketahui,Tidak Diketahui,0.05,Tidak Diketahui,Operasional,1643155200000.0,POINT (110.42537300000004 -6.971199999999953)
61,61,62,80f240a7-d80b-488a-b99a-485597266d51,Tidak Diketahui,Pompa Banjir Glonggong (5),2021,BBWS Bengawan Solo,Jawa Timur,Madiun,Balerejo,Glonggong,Tidak Diketahui,1.0,Submersible,berfungsi,1629849600000.0,POINT (111.55794200000008 -7.549807999999928)
62,62,63,0947a62f-fbf3-11eb-a0e3-0050568846de,admin,Pompa Tukad Mati Tengah (Cengblong),2021,BWS Bali Penida,Bali,Denpasar,Denpasar Barat,Padang Sambian,Tidak Diketahui,0.5,Gate Pum,berfungsi,,POINT (115.17854820000002 -8.731994099999952)
63,63,64,621a7a88-6203-45b5-9a94-efc604b96880,Tidak Diketahui,Pompa Rawabadak (3),2021,BBWS Ciliwung Cisadane,DKI Jakarta,Jakarta Utara,Koja,Rawabadak Utara,Tidak Diketahui,5.0,Submersible,berfungsi,1629849600000.0,POINT (106.89705380000004 -6.12181529999998)
64,64,65,ebc4dcc3-7dad-11ec-9f7c-0050568846de,najib_baedlowi,Rumah Pompa Kalibaru (1),2021,PU Kota,Jawa Tengah,,Tidak Diketahui,Tidak Diketahui,Tidak Diketahui,0.3,Tidak Diketahui,Operasional,1643155200000.0,POINT (110.41957050000008 -6.962229399999956)
65,65,66,31b9b495-fbf3-11eb-a0e3-0050568846de,admin,Pompa Tamalate (27),2021,BWS Sulawesi II,Gorontalo,Gorontalo,Tamalate,Mangasa,Jeneberang,0.01,Alkon Pump,berfungsi,1643155200000.0,POINT (119.43167900000003 -5.189014999999927)
66,66,67,ec7d4942-7dad-11ec-9f7c-0050568846de,najib_baedlowi,Rumah Pompa Tawang Mas Madukoro (2),2021,PU Kota,Jawa Tengah,,Tidak Diketahui,Tidak Diketahui,Tidak Diketahui,4.0,Tidak Diketahui,Operasional,1643155200000.0,POINT (110.39666500000004 -6.964788999999939)
67,67,68,ed30fe13-7dad-11ec-9f7c-0050568846de,najib_baedlowi,Pompa Museum Kota lama (4),2021,Cipta Karya,Jawa Tengah,,Tidak Diketahui,Tidak Diketahui,Tidak Diketahui,0.05,Tidak Diketahui,Operasional,1643155200000.0,POINT (110.42537300000004 -6.971199999999953)
68,68,69,ab3458c6-7dcf-4bb0-9bc0-a605459ce74b,Tidak Diketahui,Pompa Banjir Glonggong (6),2021,BBWS Bengawan Solo,Jawa Timur,Madiun,Balerejo,Glonggong,Tidak Diketahui,1.0,Submersible,berfungsi,1629849600000.0,POINT (111.55794200000008 -7.549807999999928)
69,69,70,e55ac268-8538-4acb-b047-18c4d6454cb9,Tidak Diketahui,Pompa Harian Indah RW 20,2021,BBWS Ciliwung Cisadane,Jawa Barat,Kota Bekasi,Medan Satria,Medan Satria,Tidak Diketahui,0.0,Submersible,berfungsi,1629849600000.0,POINT (106.86287870000007 -6.217188499999963)
70,70,71,3dd67ba9-65c0-41e1-9948-59aade3f2d3a,Tidak Diketahui,Pompa Banjir Karang Pacar (1),2021,BBWS Bengawan Solo,Jawa Timur,Bojonegoro,Bojonegoro,Kadipaten,Tidak Diketahui,2.0,Submersible,berfungsi,1629849600000.0,POINT (111.88391400000006 -7.146724999999947)
71,71,72,eb82abb4-7dad-11ec-9f7c-0050568846de,najib_baedlowi,Rumah Pompa Banger (4),2021,PU Kota,Jawa Tengah,,Tidak Diketahui,Tidak Diketahui,Tidak Diketahui,2.0,Tidak Diketahui,Operasional,1643155200000.0,POINT (110.43783000000008 -6.9539479999999685)
72,72,73,16c32406-fbf0-11eb-a0e3-0050568846de,admin,Pompa Embung Sempaja (1),2021,BWS Kalimantan IV,Kalimantan Timur,Kota Samarinda,Samarinda Utara,Sempaja Selatan,Tidak Diketahui,0.25,Submersible,berfungsi,1643155200000.0,POINT (117.15489000000002 -0.4509587999999667)
73,73,74,ebc68a8a-7dad-11ec-9f7c-0050568846de,najib_baedlowi,Rumah Pompa Kalibaru (2),2021,PU Kota,Jawa Tengah,,Tidak Diketahui,Tidak Diketahui,Tidak Diketahui,0.3,Tidak Diketahui,Operasional,1643155200000.0,POINT (110.41957050000008 -6.962229399999956)
74,74,75,ec8196f0-7dad-11ec-9f7c-0050568846de,najib_baedlowi,Rumah Pompa Tawang Mas Madukoro (3),2021,PU Kota,Jawa Tengah,,Tidak Diketahui,Tidak Diketahui,Tidak Diketahui,2.0,Tidak Diketahui,Operasional,1643155200000.0,POINT (110.39666500000004 -6.964788999999939)
75,75,76,31c9b7cb-fbf3-11eb-a0e3-0050568846de,admin,Pompa Tamalate (28),2021,BWS Sulawesi II,Gorontalo,Gorontalo,Tamalate,Mangasa,Jeneberang,0.01,Alkon Pump,berfungsi,1643155200000.0,POINT (119.43167900000003 -5.189014999999927)
76,76,77,ba1210ae-fbf2-11eb-a0e3-0050568846de,admin,Pompa banjir pancasila (1),2021,BBWS Bengawan Solo,Jawa Timur,Madiun,Manguharjo,Nambangan,Tidak Diketahui,1.0,Centrifugal,berfungsi,1643155200000.0,POINT (111.51222000000007 -7.6301899999999705)
77,77,78,8201f583-1f51-4abe-bf58-e1746780f430,Tidak Diketahui,Pompa 9 Bukit Duri (2),2021,BBWS Ciliwung Cisadane,DKI Jakarta,Jakarta Selatan,Tebet,Bukit Duri,Tidak Diketahui,0.0,Submersible,berfungsi,1629849600000.0,POINT (106.85928810000007 -6.219916699999942)
78,78,79,16c4e5ad-fbf0-11eb-a0e3-0050568846de,admin,Pompa Embung Sempaja (2),2021,BWS Kalimantan IV,Kalimantan Timur,Kota Samarinda,Samarinda Utara,Sempaja Selatan,Tidak Diketahui,0.25,Submersible,berfungsi,1643155200000.0,POINT (117.15489000000002 -0.4509587999999667)
79,79,80,ebd630bd-7dad-11ec-9f7c-0050568846de,najib_baedlowi,Rumah Pompa Kol Sugiono (1),2021,PU Kota,Jawa Tengah,,Tidak Diketahui,Tidak Diketahui,Tidak Diketahui,0.6,Tidak Diketahui,Operasional,1643155200000.0,POINT (110.42141670000007 -6.964117599999952)
80,80,81,31e4ab0b-fbf3-11eb-a0e3-0050568846de,admin,Pompa Tamalate (29),2021,BWS Sulawesi II,Gorontalo,Gorontalo,Tamalate,Mangasa,Jeneberang,0.01,Alkon Pump,berfungsi,1643155200000.0,POINT (119.43167900000003 -5.189014999999927)
81,81,82,ec831421-7dad-11ec-9f7c-0050568846de,najib_baedlowi,Rumah Pompa Muamalat (Basudewo) ,2021,PU Kota,Jawa Tengah,,Tidak Diketahui,Tidak Diketahui,Tidak Diketahui,0.15,Tidak Diketahui,Operasional,1643155200000.0,POINT (110.40025470000006 -6.9816635999999335)
82,82,83,ba1ade3c-fbf2-11eb-a0e3-0050568846de,admin,Pompa banjir pancasila (2),2021,BBWS Bengawan Solo,Jawa Timur,Madiun,Manguharjo,Nambangan,Tidak Diketahui,1.0,Centrifugal,berfungsi,1643155200000.0,POINT (111.51222000000007 -7.6301899999999705)
83,83,84,7ca5272a-c0a5-4b86-be86-8f3f5b2e736b,Tidak Diketahui,Pompa Banjir Karang Pacar (2),2021,BBWS Bengawan Solo,Jawa Timur,Bojonegoro,Bojonegoro,Kadipaten,Tidak Diketahui,2.0,Submersible,berfungsi,1629849600000.0,POINT (111.88391400000006 -7.146724999999947)
84,84,85,31f6ea9c-fbf3-11eb-a0e3-0050568846de,admin,Pompa Tamalate (30),2021,BWS Sulawesi II,Gorontalo,Gorontalo,Tamalate,Mangasa,Jeneberang,0.01,Alkon Pump,berfungsi,1643155200000.0,POINT (119.43167900000003 -5.189014999999927)
85,85,86,ec84cf0b-7dad-11ec-9f7c-0050568846de,najib_baedlowi,Rumah Pompa Bandara (1),2021,PU Kota,Jawa Tengah,,Tidak Diketahui,Tidak Diketahui,Tidak Diketahui,0.1,Tidak Diketahui,Operasional,1643155200000.0,POINT (110.36458800000008 -6.975516599999935)
86,86,87,a97da6dd-fbef-11eb-a0e3-0050568846de,admin,pompa Sungai Batang Kuranji,2021,BWS Sumatera V,Sumatera Barat,Padang,0,0,Tidak Diketahui,0.25,Submersible,berfungsi,1643155200000.0,POINT (100.41890220000005 -0.927016999999978)
87,87,88,ed3a8d30-fbf0-11eb-a0e3-0050568846de,admin,Pompa Sringin (4),2021,BBWS Pemali Juana,Jawa Tengah,Semarang,Sayung,Trimulyo,Sringin,2.0,Axial hydraulic,berfungsi,1629849600000.0,POINT (110.46502000000004 -6.944997999999941)
88,88,89,ba24f9e7-fbf2-11eb-a0e3-0050568846de,admin,Pompa banjir pancasila (3),2021,BBWS Bengawan Solo,Jawa Timur,Madiun,Manguharjo,Nambangan,Tidak Diketahui,1.0,Centrifugal,berfungsi,1643155200000.0,POINT (111.51222000000007 -7.6301899999999705)
89,89,90,eb48001c-7dad-11ec-9f7c-0050568846de,najib_baedlowi,Rumah Pompa Kartini (1),2021,PU Kota,Jawa Tengah,,Tidak Diketahui,Tidak Diketahui,Tidak Diketahui,2.0,Tidak Diketahui,Operasional,1643155200000.0,POINT (110.43778790000005 -6.985163899999975)
90,90,91,eb846aba-7dad-11ec-9f7c-0050568846de,najib_baedlowi,Rumah Pompa Banger (5),2021,PU Kota,Jawa Tengah,,Tidak Diketahui,Tidak Diketahui,Tidak Diketahui,2.0,Tidak Diketahui,Operasional,1643155200000.0,POINT (110.43783000000008 -6.9539479999999685)
91,91,92,044ba7c0-3ff7-4368-ad7f-e9003012db2b,Tidak Diketahui,Pompa Banjir Pucangsawit (1),2021,BBWS Bengawan Solo,Jawa Tengah,Surakarta,Jebres,Pucangsawit,Tidak Diketahui,1.0,Submersible,berfungsi,1629849600000.0,POINT (110.84679700000004 -7.57141699999994)
92,92,93,ebd7f62d-7dad-11ec-9f7c-0050568846de,najib_baedlowi,Rumah Pompa Kol Sugiono (2),2021,PU Kota,Jawa Tengah,,Tidak Diketahui,Tidak Diketahui,Tidak Diketahui,0.6,Tidak Diketahui,Operasional,1643155200000.0,POINT (110.42141670000007 -6.964117599999952)
93,93,94,e37e4be5-c679-43bc-b27c-c6a871bb204c,Tidak Diketahui,Pompa Embung Sempaja (1),2021,BWS Kalimantan IV,Kalimantan Timur,Kota Samarinda,Samarinda Utara,Sempaja Selatan,Tidak Diketahui,0.0,Submersible,berfungsi,1629849600000.0,POINT (117.15489430000002 -0.4509587999999667)
94,94,95,ed47b3c2-fbf0-11eb-a0e3-0050568846de,admin,Pompa Sringin (5),2021,BBWS Pemali Juana,Jawa Tengah,Semarang,Sayung,Trimulyo,Sringin,2.0,Axial hydraulic,berfungsi,1629849600000.0,POINT (110.46502000000004 -6.944997999999941)
95,95,96,a741b364-0a7e-4bcf-b1f9-8c366a4ee47d,Tidak Diketahui,Pompa Banjir Pucangsawit (2),2021,BBWS Bengawan Solo,Jawa Tengah,Surakarta,Jebres,Pucangsawit,Tidak Diketahui,1.0,Submersible,berfungsi,1629849600000.0,POINT (110.84679700000004 -7.57141699999994)
96,96,97,eb4a367c-7dad-11ec-9f7c-0050568846de,najib_baedlowi,Rumah Pompa Kartini (2),2021,PU Kota,Jawa Tengah,,Tidak Diketahui,Tidak Diketahui,Tidak Diketahui,2.0,Tidak Diketahui,Operasional,1643155200000.0,POINT (110.43778790000005 -6.985163899999975)
97,97,98,9589c603-0d11-48ca-be4e-d1d047a73f72,Tidak Diketahui,Pompa Embung Sempaja (2),2021,BWS Kalimantan IV,Kalimantan Timur,Kota Samarinda,Samarinda Utara,Sempaja Selatan,Tidak Diketahui,0.0,Submersible,berfungsi,1629849600000.0,POINT (117.15489430000002 -0.4509587999999667)
98,98,99,eb876408-7dad-11ec-9f7c-0050568846de,najib_baedlowi,Rumah Pompa Sedompyong (1),2021,PU Kota,Jawa Tengah,,Tidak Diketahui,Tidak Diketahui,Tidak Diketahui,1.5,Tidak Diketahui,Operasional,1643155200000.0,POINT (110.43727530000007 -6.956891999999925)
99,99,100,ebd9774b-7dad-11ec-9f7c-0050568846de,najib_baedlowi,Rumah Pompa Kol Sugiono 2 (1),2021,PU Kota,Jawa Tengah,,Tidak Diketahui,Tidak Diketahui,Tidak Diketahui,0.6,Tidak Diketahui,Operasional,1643155200000.0,POINT (110.42141670000007 -6.964117599999952)
100,100,101,eca4e02a-7dad-11ec-9f7c-0050568846de,najib_baedlowi,Rumah Pompa Bandara (2),2021,PU Kota,Jawa Tengah,,Tidak Diketahui,Tidak Diketahui,Tidak Diketahui,0.1,Tidak Diketahui,Operasional,1643155200000.0,POINT (110.36458800000008 -6.975516599999935)
101,101,102,3205cd6c-fbf3-11eb-a0e3-0050568846de,admin,Pompa Tamalate (31),2021,BWS Sulawesi II,Gorontalo,Gorontalo,Tamalate,Mangasa,Jeneberang,0.01,Alkon Pump,berfungsi,1643155200000.0,POINT (119.43167900000003 -5.189014999999927)
102,102,103,ed513add-fbf0-11eb-a0e3-0050568846de,admin,Pompa Tenggang (1),2021,BBWS Pemali Juana,Jawa Tengah,Semarang,Gayamsari,Tambakrejo,Tenggang,2.0,Axial hydraulic,berfungsi,1629849600000.0,POINT (110.44762000000009 -6.950183999999979)
103,103,104,2fdda7d2-fbf3-11eb-a0e3-0050568846de,admin,Pompa Tamalate (1),2021,BWS Sulawesi II,Gorontalo,Gorontalo,Tamalate,Mangasa,Jeneberang,0.03,Submersible,berfungsi,1643155200000.0,POINT (119.43167900000003 -5.189014999999927)
104,104,105,ebdaee67-7dad-11ec-9f7c-0050568846de,najib_baedlowi,Rumah Pompa Kol Sugiono 2 (2),2021,PU Kota,Jawa Tengah,,Tidak Diketahui,Tidak Diketahui,Tidak Diketahui,0.6,Tidak Diketahui,Operasional,1643155200000.0,POINT (110.42141670000007 -6.964117599999952)
105,105,106,32179ee9-fbf3-11eb-a0e3-0050568846de,admin,Pompa Tamalate (32),2021,BWS Sulawesi II,Gorontalo,Gorontalo,Tamalate,Mangasa,Jeneberang,0.01,Alkon Pump,berfungsi,1643155200000.0,POINT (119.43167900000003 -5.189014999999927)
106,106,107,eca646bd-7dad-11ec-9f7c-0050568846de,najib_baedlowi,Rumah Pompa Bandara (3),2021,PU Kota,Jawa Tengah,,Tidak Diketahui,Tidak Diketahui,Tidak Diketahui,0.1,Tidak Diketahui,Operasional,1643155200000.0,POINT (110.36458800000008 -6.975516599999935)
107,107,108,ba3b734a-fbf2-11eb-a0e3-0050568846de,admin,Pompa Banjir Beteng (1),2021,BBWS Bengawan Solo,Jawa Timur,Madiun,Manguharjo,Madiun Lor,Tidak Diketahui,0.8,Centrifugal,berfungsi,1643155200000.0,POINT (111.52006000000006 -7.619572999999946)
108,108,109,bf3ef687-8c88-457b-8ebf-2edaac847a4a,Tidak Diketahui,Pompa Banjir Demangan,2021,BBWS Bengawan Solo,Jawa Tengah,Surakarta,Jebres,Sewu,Tidak Diketahui,1.0,Submersible,berfungsi,1629849600000.0,POINT (110.84018300000008 -7.575702999999976)
109,109,110,ed65eef9-fbf0-11eb-a0e3-0050568846de,admin,Pompa Tenggang (3),2021,BBWS Pemali Juana,Jawa Tengah,Semarang,Gayamsari,Tambakrejo,Tenggang,2.0,Axial hydraulic,berfungsi,1629849600000.0,POINT (110.44762000000009 -6.950183999999979)
110,110,111,2ff0bc95-fbf3-11eb-a0e3-0050568846de,admin,Pompa Tamalate (2),2021,BWS Sulawesi II,Gorontalo,Gorontalo,Tamalate,Mangasa,Jeneberang,0.03,Submersible,berfungsi,1643155200000.0,POINT (119.43167900000003 -5.189014999999927)
111,111,112,ebe6094f-7dad-11ec-9f7c-0050568846de,najib_baedlowi,Rumah Pompa Mberok (1),2021,PU Kota,Jawa Tengah,,Tidak Diketahui,Tidak Diketahui,Tidak Diketahui,0.3,Tidak Diketahui,Operasional,1643155200000.0,POINT (110.42331740000009 -6.968315699999948)
112,112,113,3227872a-fbf3-11eb-a0e3-0050568846de,admin,Pompa Tamalate (33),2021,BWS Sulawesi II,Gorontalo,Gorontalo,Tamalate,Mangasa,Jeneberang,0.01,Alkon Pump,berfungsi,1643155200000.0,POINT (119.43167900000003 -5.189014999999927)
113,113,114,eca804e2-7dad-11ec-9f7c-0050568846de,najib_baedlowi,Rumah Pompa Bandara (4),2021,PU Kota,Jawa Tengah,,Tidak Diketahui,Tidak Diketahui,Tidak Diketahui,0.1,Tidak Diketahui,Operasional,1643155200000.0,POINT (110.36458800000008 -6.975516599999935)
114,114,115,ba4644a8-fbf2-11eb-a0e3-0050568846de,admin,Pompa Banjir Beteng (2),2021,BBWS Bengawan Solo,Jawa Timur,Madiun,Manguharjo,Madiun Lor,Tidak Diketahui,0.8,Centrifugal,berfungsi,1643155200000.0,POINT (111.52006000000006 -7.619572999999946)
115,115,116,eb3fe23d-fbf2-11eb-a0e3-0050568846de,admin,Pompa Meri (1),2021,BBWS Brantas,Jawa Timur,Mojokerto,Magersari,Meri,Tidak Diketahui,0.5,Submersible,berfungsi,1643155200000.0,POINT (110.84018300000008 -7.575702999999976)
116,116,117,3003c1a6-fbf3-11eb-a0e3-0050568846de,admin,Pompa Tamalate (3),2021,BWS Sulawesi II,Gorontalo,Gorontalo,Tamalate,Mangasa,Jeneberang,0.03,Submersible,berfungsi,1643155200000.0,POINT (119.43167900000003 -5.189014999999927)
117,117,118,ebe7883a-7dad-11ec-9f7c-0050568846de,najib_baedlowi,Rumah Pompa Mberok (2),2021,PU Kota,Jawa Tengah,,Tidak Diketahui,Tidak Diketahui,Tidak Diketahui,0.3,Tidak Diketahui,Operasional,1643155200000.0,POINT (110.42331740000009 -6.968315699999948)
118,118,119,eca966dd-7dad-11ec-9f7c-0050568846de,najib_baedlowi,Rumah Pompa Bandara (5),2021,PU Kota,Jawa Tengah,,Tidak Diketahui,Tidak Diketahui,Tidak Diketahui,0.1,Tidak Diketahui,Operasional,1643155200000.0,POINT (110.36458800000008 -6.975516599999935)
119,119,120,323b55e0-fbf3-11eb-a0e3-0050568846de,admin,Pompa Tamalate (34),2021,BWS Sulawesi II,Gorontalo,Gorontalo,Tamalate,Mangasa,Jeneberang,0.01,Alkon Pump,berfungsi,1643155200000.0,POINT (119.43167900000003 -5.189014999999927)
120,120,121,ba30d436-fbf2-11eb-a0e3-0050568846de,admin,Pompa banjir pancasila (4),2021,BBWS Bengawan Solo,Jawa Timur,Madiun,Manguharjo,Nambangan,Tidak Diketahui,1.0,Centrifugal,berfungsi,1643155200000.0,POINT (111.51222000000007 -7.6301899999999705)
121,121,122,ba4ed9a7-fbf2-11eb-a0e3-0050568846de,admin,Pompa Banjir Patihan (1),2021,BBWS Bengawan Solo,Jawa Timur,Madiun,Manguharjo,Patihan,Tidak Diketahui,1.0,Centrifugal,berfungsi,1643155200000.0,POINT (111.52696000000009 -7.60928999999993)
122,122,123,eb4655f2-fbf2-11eb-a0e3-0050568846de,admin,Pompa Meri (2),2021,BBWS Brantas,Jawa Timur,Mojokerto,Magersari,Meri,Tidak Diketahui,0.5,Submersible,berfungsi,1643155200000.0,POINT (110.84018300000008 -7.575702999999976)
123,123,124,30e1ee48-fbf3-11eb-a0e3-0050568846de,admin,Pompa Tamalate (15),2021,BWS Sulawesi II,Gorontalo,Gorontalo,Tamalate,Mangasa,Jeneberang,0.01,Alkon Pump,berfungsi,1643155200000.0,POINT (119.43167900000003 -5.189014999999927)
124,124,125,ebf92ac9-7dad-11ec-9f7c-0050568846de,najib_baedlowi,Pompa Kota Lama (1),2021,Cipta Karya,Jawa Tengah,,Tidak Diketahui,Tidak Diketahui,Tidak Diketahui,0.6,Tidak Diketahui,Operasional,1643155200000.0,POINT (110.42571600000008 -6.969750999999974)
125,125,126,ecaad293-7dad-11ec-9f7c-0050568846de,najib_baedlowi,Rumah Pompa Bandara (6),2021,PU Kota,Jawa Tengah,,Tidak Diketahui,Tidak Diketahui,Tidak Diketahui,0.1,Tidak Diketahui,Operasional,1643155200000.0,POINT (110.36458800000008 -6.975516599999935)
126,126,127,324b9d2d-fbf3-11eb-a0e3-0050568846de,admin,Pompa Tamalate (35),2021,BWS Sulawesi II,Gorontalo,Gorontalo,Tamalate,Mangasa,Jeneberang,0.01,Alkon Pump,berfungsi,1643155200000.0,POINT (119.43167900000003 -5.189014999999927)
127,127,128,ba57862b-fbf2-11eb-a0e3-0050568846de,admin,Pompa Banjir Patihan (2),2021,BBWS Bengawan Solo,Jawa Timur,Madiun,Manguharjo,Patihan,Tidak Diketahui,1.0,Centrifugal,berfungsi,1643155200000.0,POINT (111.52696000000009 -7.60928999999993)
128,128,129,eb4cc2a4-fbf2-11eb-a0e3-0050568846de,admin,Pompa Meri (3),2021,BBWS Brantas,Jawa Timur,Mojokerto,Magersari,Meri,Tidak Diketahui,0.5,Submersible,berfungsi,1643155200000.0,POINT (110.84018300000008 -7.575702999999976)
129,129,130,301654a8-fbf3-11eb-a0e3-0050568846de,admin,Pompa Tamalate (4),2021,BWS Sulawesi II,Gorontalo,Gorontalo,Tamalate,Mangasa,Jeneberang,0.03,Submersible,berfungsi,1643155200000.0,POINT (119.43167900000003 -5.189014999999927)
130,130,131,325cf277-fbf3-11eb-a0e3-0050568846de,admin,Pompa Tamalate (36),2021,BWS Sulawesi II,Gorontalo,Gorontalo,Tamalate,Mangasa,Jeneberang,0.01,Alkon Pump,berfungsi,1643155200000.0,POINT (119.43167900000003 -5.189014999999927)
131,131,132,0fcb5ce6-82ff-4542-b35b-dd4da42cc4e6,Tidak Diketahui,Pompa Tunggu Pampang (1),2021,BBWS Pompengan Jeneberang,Sulawesi Selatan,Maros,Bangkala,Manggala,Tidak Diketahui,2.0,Submersible,berfungsi,1629849600000.0,POINT (119.43167900000003 -5.189014999999927)
132,132,133,ebfa9ebb-7dad-11ec-9f7c-0050568846de,najib_baedlowi,Pompa Kota Lama (2),2021,Cipta Karya,Jawa Tengah,,Tidak Diketahui,Tidak Diketahui,Tidak Diketahui,0.6,Tidak Diketahui,Operasional,1643155200000.0,POINT (110.42571600000008 -6.969750999999974)
133,133,134,ecac5581-7dad-11ec-9f7c-0050568846de,najib_baedlowi,Rumah Pompa Bandara (7),2021,PU Kota,Jawa Tengah,,Tidak Diketahui,Tidak Diketahui,Tidak Diketahui,0.12,Tidak Diketahui,Operasional,1643155200000.0,POINT (110.36458800000008 -6.975516599999935)
134,134,135,ba60d69b-fbf2-11eb-a0e3-0050568846de,admin,Pompa Banjir Glonggong (1),2021,BBWS Bengawan Solo,Jawa Timur,Madiun,Balerejo,Glonggong,Tidak Diketahui,0.5,Submersible,berfungsi,1643155200000.0,POINT (111.55794000000009 -7.549807999999928)
135,135,136,eb53f1f3-fbf2-11eb-a0e3-0050568846de,admin,Pompa Meri (4),2021,BBWS Brantas,Jawa Timur,Mojokerto,Magersari,Meri,Tidak Diketahui,0.5,Submersible,berfungsi,1643155200000.0,POINT (110.84018300000008 -7.575702999999976)
136,136,137,302834bb-fbf3-11eb-a0e3-0050568846de,admin,Pompa Tamalate (5),2021,BWS Sulawesi II,Gorontalo,Gorontalo,Tamalate,Mangasa,Jeneberang,0.06,Sentrifugal Pump,berfungsi,1643155200000.0,POINT (119.43167900000003 -5.189014999999927)
137,137,138,5de1bc79-aedd-461c-ab91-ce0fa16541b1,Tidak Diketahui,Kolam Regulasi Nipa - nipa (1),2021,BBWS Pompengan Jeneberang,Sulawesi Selatan,Maros,Monconloe,Monconloe Lappara,Tidak Diketahui,2.0,Submersible,berfungsi,1629849600000.0,POINT (119.43167900000003 -5.189014999999927)
138,138,139,a44200eb-5524-4d36-8d58-eb81ff9f6c76,Tidak Diketahui,Pompa Tunggu Pampang (2),2021,BBWS Pompengan Jeneberang,Sulawesi Selatan,Maros,Bangkala,Manggala,Tidak Diketahui,2.0,Submersible,berfungsi,1629849600000.0,POINT (119.43167900000003 -5.189014999999927)
139,139,140,ebfc5bf0-7dad-11ec-9f7c-0050568846de,najib_baedlowi,Pompa Kota Lama (3),2021,Cipta Karya,Jawa Tengah,,Tidak Diketahui,Tidak Diketahui,Tidak Diketahui,0.6,Tidak Diketahui,Operasional,1643155200000.0,POINT (110.42571600000008 -6.969750999999974)
140,140,141,ecc5cb66-7dad-11ec-9f7c-0050568846de,najib_baedlowi,Rumah Pompa Bandara (8),2021,PU Kota,Jawa Tengah,,Tidak Diketahui,Tidak Diketahui,Tidak Diketahui,0.12,Tidak Diketahui,Operasional,1643155200000.0,POINT (110.36458800000008 -6.975516599999935)
141,141,142,ba6a62d1-fbf2-11eb-a0e3-0050568846de,admin,Pompa Banjir Glonggong (2),2021,BBWS Bengawan Solo,Jawa Timur,Madiun,Balerejo,Glonggong,Tidak Diketahui,0.5,Submersible,berfungsi,1643155200000.0,POINT (111.55794000000009 -7.549807999999928)
142,142,143,eb5aab58-fbf2-11eb-a0e3-0050568846de,admin,Pompa Ketintang (1),2021,BBWS Brantas,Jawa Timur,Mojokerto,Gondang,Bakalan,Tidak Diketahui,0.5,Submersible,berfungsi,1643155200000.0,POINT (110.84018300000008 -7.575702999999976)
143,143,144,303a19f4-fbf3-11eb-a0e3-0050568846de,admin,Pompa Tamalate (6),2021,BWS Sulawesi II,Gorontalo,Gorontalo,Tamalate,Mangasa,Jeneberang,0.06,Sentrifugal Pump,berfungsi,1643155200000.0,POINT (119.43167900000003 -5.189014999999927)
144,144,145,3ba6dca4-0a5b-4197-bdb7-98e45034aba1,Tidak Diketahui,Kolam Regulasi Nipa - nipa (2),2021,BBWS Pompengan Jeneberang,Sulawesi Selatan,Maros,Monconloe,Monconloe Lappara,Tidak Diketahui,2.0,Submersible,berfungsi,1629849600000.0,POINT (119.43167900000003 -5.189014999999927)
145,145,146,ebfe6413-7dad-11ec-9f7c-0050568846de,najib_baedlowi,Pompa Kali Semarang (1),2021,PU Kota,Jawa Tengah,,Tidak Diketahui,Tidak Diketahui,Tidak Diketahui,5.0,Tidak Diketahui,Operasional,1643155200000.0,POINT (110.40564530000006 -6.953074899999933)
146,146,147,ecc7b59f-7dad-11ec-9f7c-0050568846de,najib_baedlowi,Rumah Pompa Bandara (9),2021,PU Kota,Jawa Tengah,,Tidak Diketahui,Tidak Diketahui,Tidak Diketahui,0.12,Tidak Diketahui,Operasional,1643155200000.0,POINT (110.36458800000008 -6.975516599999935)
147,147,148,ba72bd39-fbf2-11eb-a0e3-0050568846de,admin,Pompa Banjir Glonggong (3),2021,BBWS Bengawan Solo,Jawa Timur,Madiun,Balerejo,Glonggong,Tidak Diketahui,0.5,Submersible,berfungsi,1643155200000.0,POINT (111.55794000000009 -7.549807999999928)
148,148,149,eb609d45-fbf2-11eb-a0e3-0050568846de,admin,Pompa Ketintang (2),2021,BBWS Brantas,Jawa Timur,Mojokerto,Gondang,Bakalan,Tidak Diketahui,0.5,Submersible,berfungsi,1643155200000.0,POINT (110.84018300000008 -7.575702999999976)
149,149,150,304b459c-fbf3-11eb-a0e3-0050568846de,admin,Pompa Tamalate (7),2021,BWS Sulawesi II,Gorontalo,Gorontalo,Tamalate,Mangasa,Jeneberang,0.01,Alkon Pump,berfungsi,1643155200000.0,POINT (119.43167900000003 -5.189014999999927)
150,150,151,ec00a58d-7dad-11ec-9f7c-0050568846de,najib_baedlowi,Pompa Kali Semarang (2),2021,PU Kota,Jawa Tengah,,Tidak Diketahui,Tidak Diketahui,Tidak Diketahui,5.0,Tidak Diketahui,Operasional,1643155200000.0,POINT (110.40564530000006 -6.953074899999933)
151,151,152,ecc9acf8-7dad-11ec-9f7c-0050568846de,najib_baedlowi,Rumah Pompa Bandara (10),2021,PU Kota,Jawa Tengah,,Tidak Diketahui,Tidak Diketahui,Tidak Diketahui,0.1,Tidak Diketahui,Operasional,1643155200000.0,POINT (110.36458800000008 -6.975516599999935)
152,152,153,ba7c7212-fbf2-11eb-a0e3-0050568846de,admin,Pompa Banjir Glonggong (4),2021,BBWS Bengawan Solo,Jawa Timur,Madiun,Balerejo,Glonggong,Tidak Diketahui,0.5,Submersible,berfungsi,1643155200000.0,POINT (111.55794000000009 -7.549807999999928)
153,153,154,eb660f17-fbf2-11eb-a0e3-0050568846de,admin,Pompa Sinoman (1),2021,BBWS Brantas,Jawa Timur,Mojokerto,Prajurit Kulon,Miji,Tidak Diketahui,0.5,Submersible,berfungsi,1643155200000.0,POINT (112.44191000000001 -7.474849999999947)
154,154,155,305cfdb4-fbf3-11eb-a0e3-0050568846de,admin,Pompa Tamalate (8),2021,BWS Sulawesi II,Gorontalo,Gorontalo,Tamalate,Mangasa,Jeneberang,0.01,Alkon Pump,berfungsi,1643155200000.0,POINT (119.43167900000003 -5.189014999999927)
155,155,156,ec0255ae-7dad-11ec-9f7c-0050568846de,najib_baedlowi,Pompa Kali Semarang (3),2021,PU Kota,Jawa Tengah,,Tidak Diketahui,Tidak Diketahui,Tidak Diketahui,5.0,Tidak Diketahui,Operasional,1643155200000.0,POINT (110.40564530000006 -6.953074899999933)
156,156,157,eccb9326-7dad-11ec-9f7c-0050568846de,najib_baedlowi,Rumah Pompa Bandara (11),2021,PU Kota,Jawa Tengah,,Tidak Diketahui,Tidak Diketahui,Tidak Diketahui,0.1,Tidak Diketahui,Operasional,1643155200000.0,POINT (110.36458800000008 -6.975516599999935)
157,157,158,ba847f2f-fbf2-11eb-a0e3-0050568846de,admin,Pompa Banjir Glonggong (5),2021,BBWS Bengawan Solo,Jawa Timur,Madiun,Balerejo,Glonggong,Tidak Diketahui,0.5,Submersible,berfungsi,1643155200000.0,POINT (111.55794000000009 -7.549807999999928)
158,158,159,eb6c3d77-fbf2-11eb-a0e3-0050568846de,admin,Pompa Sinoman (2),2021,BBWS Brantas,Jawa Timur,Mojokerto,Prajurit Kulon,Miji,Tidak Diketahui,0.5,Submersible,berfungsi,1643155200000.0,POINT (112.44191000000001 -7.474849999999947)
159,159,160,306e47d6-fbf3-11eb-a0e3-0050568846de,admin,Pompa Tamalate (9),2021,BWS Sulawesi II,Gorontalo,Gorontalo,Tamalate,Mangasa,Jeneberang,0.01,Alkon Pump,berfungsi,1643155200000.0,POINT (119.43167900000003 -5.189014999999927)
160,160,161,30512898-fbef-11eb-a0e3-0050568846de,admin,pompa Banjir Sago Sektor 1 (2),2021,BWS Sumatera III,Riau,Pekan Baru,0,0,Siak,3.0,Auger,berfungsi,1643155200000.0,POINT (101.43753000000004 0.5435400000000641)
161,161,162,a77a2e55-3d30-4a0b-a5fb-ac7c40f2eed7,Tidak Diketahui,Pompa Banjir Sungai Asahan Paket 2 (2),2021,BWS Sumatera II,Sumatera Utara,Asahan,--,--,Tidak Diketahui,2.0,Submersible,berfungsi,1629849600000.0,POINT (99.84992300000005 2.9886520000000587)
162,162,163,50eda2b1-b555-4166-b14e-5a0fb6d1a88d,Tidak Diketahui,Pompa Banjir Sungai Asahan Paket 3 (2),2021,BWS Sumatera II,Sumatera Utara,Tanjung Balai,--,--,Tidak Diketahui,2.0,Submersible,berfungsi,1629849600000.0,POINT (99.84992300000005 2.9886520000000587)
163,163,164,77e69d3e-5139-48b6-bca5-f5238d218c51,Tidak Diketahui,Pompa Banjir Sungai Asahan Paket 2 (3),2021,BWS Sumatera II,Sumatera Utara,Asahan,--,--,Tidak Diketahui,2.0,Submersible,berfungsi,1629849600000.0,POINT (99.84992300000005 2.9886520000000587)
164,164,165,ca416a09-ce15-4655-a0c1-ebf6f3d2dde1,Tidak Diketahui,Pompa Banjir Sungai Asahan Paket 2 (4),2021,BWS Sumatera II,Sumatera Utara,Asahan,--,--,Tidak Diketahui,2.0,Submersible,berfungsi,1629849600000.0,POINT (99.84992300000005 2.9886520000000587)
165,165,166,b3c9939b-bb9c-4896-9560-d889b615f13d,Tidak Diketahui,Pompa Banjir Sungai Asahan Paket 2 (5),2021,BWS Sumatera II,Sumatera Utara,Asahan,--,--,Tidak Diketahui,2.0,Submersible,berfungsi,1629849600000.0,POINT (99.84992300000005 2.9886520000000587)
166,166,167,2b1c60be-fbef-11eb-a0e3-0050568846de,admin,pompa Banjir Senapelan Sektor 1 (3),2021,BWS Sumatera III,Riau,Pekan Baru,0,0,Tidak Diketahui,2.0,Auger,berfungsi,1643155200000.0,POINT (101.44028000000009 0.5419700000000489)
167,167,168,e897cb3b-a4f1-4030-aa73-12dd135407d4,Tidak Diketahui,Pompa Banjir Sungai Asahan Paket 3 (1),2021,BWS Sumatera II,Sumatera Utara,Tanjung Balai,--,--,Tidak Diketahui,2.0,Submersible,berfungsi,1629849600000.0,POINT (99.84992300000005 2.9886520000000587)
168,168,169,ffd8b976-4497-438e-a295-c531ab1e9d7e,Tidak Diketahui,pompa Banjir Sungai Asahan Paket 3 (3),2021,BWS Sumatera II,Sumatera Utara,Tanjung Balai,--,--,Tidak Diketahui,2.0,Submersible,berfungsi,1629849600000.0,POINT (99.84992300000005 2.9886520000000587)
169,169,170,304b70c3-fbef-11eb-a0e3-0050568846de,admin,pompa Banjir Parit Belanda Sektor 3 (2),2021,BWS Sumatera III,Riau,Pekan Baru,Rumbai Pesisir,Meranti Pandak,Siak,3.0,Auger,tidak berfungsi,1643155200000.0,POINT (101.43753000000004 0.5435400000000641)
170,170,171,2b178de0-fbef-11eb-a0e3-0050568846de,admin,pompa Banjir Senapelan Sektor 1 (1),2021,BWS Sumatera III,Riau,Pekan Baru,0,0,Tidak Diketahui,0.75,Axial,berfungsi,1643155200000.0,POINT (101.44028000000009 0.5419700000000489)
171,171,172,2b1dc029-fbef-11eb-a0e3-0050568846de,admin,pompa Banjir Senapelan Sektor 1 (4),2021,BWS Sumatera III,Riau,Pekan Baru,0,0,Tidak Diketahui,2.0,Auger,berfungsi,1643155200000.0,POINT (101.44028000000009 0.5419700000000489)
172,172,173,2b1af51e-fbef-11eb-a0e3-0050568846de,admin,pompa Banjir Senapelan Sektor 1 (2),2021,BWS Sumatera III,Riau,Pekan Baru,0,0,Tidak Diketahui,0.75,Axial,berfungsi,1643155200000.0,POINT (101.44028000000009 0.5419700000000489)
173,173,174,3048a676-fbef-11eb-a0e3-0050568846de,admin,pompa Banjir Parit Belanda Sektor 3 (1),2021,BWS Sumatera III,Riau,Pekan Baru,Rumbai Pesisir,Meranti Pandak,Siak,3.0,Auger,tidak berfungsi,1643155200000.0,POINT (101.43753000000004 0.5435400000000641)
174,174,175,304dc510-fbef-11eb-a0e3-0050568846de,admin,pompa Banjir Sago Sektor 1 (1),2021,BWS Sumatera III,Riau,Pekan Baru,0,0,Siak,3.0,Auger,berfungsi,1643155200000.0,POINT (101.43753000000004 0.5435400000000641)
175,175,176,305891d3-fbef-11eb-a0e3-0050568846de,admin,pompa Banjir Tanjung Batu Sektor 2 (2),2021,BWS Sumatera III,Riau,Pekan Baru,0,0,Tidak Diketahui,2.0,Auger,berfungsi,1643155200000.0,POINT (101.43753000000004 0.5435400000000641)
176,176,177,30544515-fbef-11eb-a0e3-0050568846de,admin,pompa Banjir Tanjung Batu Sektor 2 (1),2021,BWS Sumatera III,Riau,Pekan Baru,0,0,Tidak Diketahui,2.0,Auger,berfungsi,1643155200000.0,POINT (101.43753000000004 0.5435400000000641)
177,177,178,305f37b4-fbef-11eb-a0e3-0050568846de,admin,pompa Banjir Nelayan Sektor 3 (2),2021,BWS Sumatera III,Riau,Pekan Baru,0,0,Tidak Diketahui,2.0,Auger,berfungsi,1643155200000.0,POINT (101.43753000000004 0.5435400000000641)
178,178,179,305be504-fbef-11eb-a0e3-0050568846de,admin,pompa Banjir Nelayan Sektor 3 (1),2021,BWS Sumatera III,Riau,Pekan Baru,0,0,Tidak Diketahui,2.0,Auger,berfungsi,1643155200000.0,POINT (101.43753000000004 0.5435400000000641)
179,179,180,30628215-fbef-11eb-a0e3-0050568846de,admin,pompa Banjir Pesisir Sektor 4 (1),2021,BWS Sumatera III,Riau,Pekan Baru,Rumbai Pesisir,Meranti Pandak,Siak,2.0,Auger,berfungsi,1643155200000.0,POINT (101.44028000000009 0.5419700000000489)
180,180,181,3065b8ba-fbef-11eb-a0e3-0050568846de,admin,pompa Banjir Pesisir Sektor 4 (2),2021,BWS Sumatera III,Riau,Pekan Baru,Rumbai Pesisir,Meranti Pandak,Siak,2.0,Auger,berfungsi,1643155200000.0,POINT (101.44028000000009 0.5419700000000489)
181,181,182,30690845-fbef-11eb-a0e3-0050568846de,admin,pompa Banjir Pesisir Sektor 4 (3),2021,BWS Sumatera III,Riau,Pekan Baru,Rumbai Pesisir,Meranti Pandak,Siak,2.0,Auger,berfungsi,1643155200000.0,POINT (101.44028000000009 0.5419700000000489)
182,182,183,c1f6cfa6-fbef-11eb-a0e3-0050568846de,admin,pompa Sungai Asam (3),2021,BWS Sumatera VI,Jambi,Jambi,Ps. Jambi,Beringin,Tidak Diketahui,1.5,Gate Pump,berfungsi,1643155200000.0,POINT (103.61281000000008 -1.5897899999999368)
183,183,184,eb615bc6-7dad-11ec-9f7c-0050568846de,najib_baedlowi,Rumah Pompa Kartini (3),2021,PU Kota,Jawa Tengah,,Tidak Diketahui,Tidak Diketahui,Tidak Diketahui,2.0,Tidak Diketahui,Operasional,1643155200000.0,POINT (110.43778790000005 -6.985163899999975)
184,184,185,e64d906b-5821-425a-b086-5f039ec216b3,Tidak Diketahui,pompa Banjir Tanjung Batu Sektor 2 (2),2021,BWS Sumatera III,Riau,Pekanbaru,Rumbai Pesisir,Meranti Pandak,Tidak Diketahui,2.0,Auger,berfungsi,1629849600000.0,POINT (101.43753000000004 0.5435400000000641)
185,185,186,ec1a3d89-7dad-11ec-9f7c-0050568846de,najib_baedlowi,Pompa Kali Semarang (4),2021,PU Kota,Jawa Tengah,,Tidak Diketahui,Tidak Diketahui,Tidak Diketahui,5.0,Tidak Diketahui,Operasional,1643155200000.0,POINT (110.40564530000006 -6.953074899999933)
186,186,187,61e1fe6e-44f9-462c-a973-d2d696f9b665,Tidak Diketahui,pompa Banjir Parit Belanda Sektor 3 (2),2021,BWS Sumatera III,Riau,Pekan Baru,Rumbai Pesisir,Meranti Pandak,Siak,3.0,Auger,tidak berfungsi,1629849600000.0,POINT (101.43753000000004 0.5435400000000641)
187,187,188,e64d3a39-a9f0-4adf-872f-9ec7c718c848,Tidak Diketahui,pompa Banjir Pesisir Sektor 4 (2),2021,BWS Sumatera III,Riau,Pekan Baru,Rumbai Pesisir,Meranti Pandak,Siak,2.0,Auger,berfungsi,1629849600000.0,POINT (101.44028000000009 0.5419700000000489)
188,188,189,651f570d-389e-4768-b984-5ea0ff6afe2e,Tidak Diketahui,pompa Banjir Sago Sektor 1 (1),2021,BWS Sumatera III,Riau,Pekanbaru,Rumbai Pesisir,Meranti Pandak,Siak,3.0,Auger,berfungsi,1629849600000.0,POINT (101.43753000000004 0.5435400000000641)
189,189,190,8354590a-9dd6-4085-bea3-67857f2649f5,Tidak Diketahui,pompa Banjir Nelayan Sektor 3 (1),2021,BWS Sumatera III,Riau,Pekanbaru,Rumbai Pesisir,Meranti Pandak,Tidak Diketahui,2.0,Auger,berfungsi,1629849600000.0,POINT (101.43753000000004 0.5435400000000641)
190,190,191,eccd6bb2-7dad-11ec-9f7c-0050568846de,najib_baedlowi,Rumah Pompa Bandara (12),2021,PU Kota,Jawa Tengah,,Tidak Diketahui,Tidak Diketahui,Tidak Diketahui,0.1,Tidak Diketahui,Operasional,1643155200000.0,POINT (110.36458800000008 -6.975516599999935)
191,191,192,1fe5b4ee-22e2-4fa3-82e9-54ed40982e67,Tidak Diketahui,pompa Banjir Sago Sektor 1 (2),2021,BWS Sumatera III,Riau,Pekanbaru,Rumbai Pesisir,Meranti Pandak,Siak,3.0,Auger,berfungsi,1629849600000.0,POINT (101.43753000000004 0.5435400000000641)
192,192,193,601e84a4-3015-44fe-b743-f8dc34d0bce7,Tidak Diketahui,pompa Banjir Tanjung Batu Sektor 2 (1),2021,BWS Sumatera III,Riau,Pekanbaru,Rumbai Pesisir,Meranti Pandak,Tidak Diketahui,2.0,Auger,berfungsi,1629849600000.0,POINT (101.43753000000004 0.5435400000000641)
193,193,194,a9e84cc3-7b5c-4beb-9737-81618ca5d1b2,Tidak Diketahui,pompa Banjir Senapelan Sektor 1 (2),2021,BWS Sumatera III,Riau,Pekanbaru,Rumbai Pesisir,Meranti Pandak,Tidak Diketahui,1.0,Axial,berfungsi,1629849600000.0,POINT (101.44028000000009 0.5419700000000489)
194,194,195,a0b2d1e9-6096-4cb3-b26b-0e83eeec9440,Tidak Diketahui,pompa Banjir Nelayan Sektor 3 (2),2021,BWS Sumatera III,Riau,Pekanbaru,Rumbai Pesisir,Meranti Pandak,Tidak Diketahui,2.0,Auger,berfungsi,1629849600000.0,POINT (101.43753000000004 0.5435400000000641)
195,195,196,bcd4a80c-d033-446c-aed3-1166136a9034,Tidak Diketahui,pompa Banjir Pesisir Sektor 4 (3),2021,BWS Sumatera III,Riau,Pekan Baru,Rumbai Pesisir,Meranti Pandak,Siak,2.0,Auger,berfungsi,1629849600000.0,POINT (101.44028000000009 0.5419700000000489)
196,196,197,f8bd89a1-e51c-4469-bbf1-7c505ee0b430,Tidak Diketahui,pompa Banjir Pesisir Sektor 4 (1),2021,BWS Sumatera III,Riau,Pekan Baru,Rumbai Pesisir,Meranti Pandak,Siak,2.0,Auger,berfungsi,1629849600000.0,POINT (101.44028000000009 0.5419700000000489)
197,197,198,fa9d0e41-2b9e-4b82-944f-f0fedbce093f,Tidak Diketahui,pompa Banjir Senapelan Sektor 1 (1),2021,BWS Sumatera III,Riau,Pekanbaru,Rumbai Pesisir,Meranti Pandak,Tidak Diketahui,1.0,Axial,berfungsi,1629849600000.0,POINT (101.44028000000009 0.5419700000000489)
198,198,199,c2112378-c73e-4cbf-a6e9-5c4909ff15b3,Tidak Diketahui,pompa Banjir Senapelan Sektor 1 (3),2021,BWS Sumatera III,Riau,Pekanbaru,Rumbai Pesisir,Meranti Pandak,Tidak Diketahui,2.0,Auger,berfungsi,1629849600000.0,POINT (101.44028000000009 0.5419700000000489)
199,199,200,c1f1b728-fbef-11eb-a0e3-0050568846de,admin,pompa Sungai Asam (1),2021,BWS Sumatera VI,Jambi,Jambi,Ps. Jambi,Beringin,Tidak Diketahui,1.5,Gate Pump,berfungsi,1643155200000.0,POINT (103.61281000000008 -1.5897899999999368)
200,200,201,5451aeaf-52fb-4c09-b60e-ca3f24787d08,Tidak Diketahui,pompa Banjir Senapelan Sektor 1 (4),2021,BWS Sumatera III,Riau,Pekanbaru,Rumbai Pesisir,Meranti Pandak,Tidak Diketahui,2.0,Auger,berfungsi,1629849600000.0,POINT (101.44028000000009 0.5419700000000489)
201,201,202,c2007d12-fbef-11eb-a0e3-0050568846de,admin,pompa Sungai Asam (6),2021,BWS Sumatera VI,Jambi,Jambi,Ps. Jambi,Beringin,Tidak Diketahui,1.5,Gate Pump,berfungsi,1643155200000.0,POINT (103.61281000000008 -1.5897899999999368)
202,202,203,c1fd760e-fbef-11eb-a0e3-0050568846de,admin,pompa Sungai Asam (5),2021,BWS Sumatera VI,Jambi,Jambi,Ps. Jambi,Beringin,Tidak Diketahui,1.5,Gate Pump,berfungsi,1643155200000.0,POINT (103.61281000000008 -1.5897899999999368)
203,203,204,c1f52482-fbef-11eb-a0e3-0050568846de,admin,pompa Sungai Asam (2),2021,BWS Sumatera VI,Jambi,Jambi,Ps. Jambi,Beringin,Tidak Diketahui,1.5,Gate Pump,berfungsi,1643155200000.0,POINT (103.61281000000008 -1.5897899999999368)
204,204,205,c1fa298d-fbef-11eb-a0e3-0050568846de,admin,pompa Sungai Asam (4),2021,BWS Sumatera VI,Jambi,Jambi,Ps. Jambi,Beringin,Tidak Diketahui,1.5,Gate Pump,berfungsi,1643155200000.0,POINT (103.61281000000008 -1.5897899999999368)
205,205,206,c2037e29-fbef-11eb-a0e3-0050568846de,admin,Pompa Sungai Tembuku (1),2021,BWS Sumatera VI,Jambi,Kota Jambi,Jambi Timur,Kasang,Tembuku,1.5,Submersible,berfungsi,1643155200000.0,POINT (103.62325000000004 -1.582920799999954)
206,206,207,c206fcdf-fbef-11eb-a0e3-0050568846de,admin,Pompa Sungai Tembuku (2),2021,BWS Sumatera VI,Jambi,Kota Jambi,Jambi Timur,Kasang,Tembuku,1.5,Submersible,berfungsi,1643155200000.0,POINT (103.62325000000004 -1.582920799999954)
207,207,208,de44eb12-df14-436a-9216-c0a262584f76,Tidak Diketahui,Rumah Pompa Gebangsari (3),2021,PU Kota,Jawa Tengah,,Tidak Diketahui,Tidak Diketahui,Tidak Diketahui,0.1,Tidak Diketahui,Rusak,1643241600000.0,POINT (110.44680180000006 -6.957737699999939)
208,208,209,e8c9415c-fbef-11eb-a0e3-0050568846de,admin,Pompa Bendung (1),2021,BBWS Sumatera VIII,Sumatera Selatan,Palembang,Ilir Timur II,Ilir,Tidak Diketahui,6.0,Submersible,berfungsi,1643155200000.0,POINT (104.76858000000004 -2.9838647999999353)
209,209,210,e8d5a867-fbef-11eb-a0e3-0050568846de,admin,Pompa Bendung (6),2021,BBWS Sumatera VIII,Sumatera Selatan,Palembang,Ilir Timur II,Ilir,Tidak Diketahui,6.0,Submersible,berfungsi,1643155200000.0,POINT (104.76858000000004 -2.9838647999999353)
210,210,211,ba8cd2c6-fbf2-11eb-a0e3-0050568846de,admin,Pompa Banjir Glonggong (6),2021,BBWS Bengawan Solo,Jawa Timur,Madiun,Balerejo,Glonggong,Tidak Diketahui,0.5,Submersible,berfungsi,1643155200000.0,POINT (111.55794000000009 -7.549807999999928)
211,211,212,c20b2697-fbef-11eb-a0e3-0050568846de,admin,Pompa Sungai Tembuku (3),2021,BWS Sumatera VI,Jambi,Kota Jambi,Jambi Timur,Kasang,Tembuku,1.0,Submersible,berfungsi,1643155200000.0,POINT (103.62325000000004 -1.582920799999954)
212,212,213,e8cc9f83-fbef-11eb-a0e3-0050568846de,admin,Pompa Bendung(2),2021,BBWS Sumatera VIII,Sumatera Selatan,Palembang,Ilir Timur II,Ilir,Tidak Diketahui,6.0,Submersible,berfungsi,1643155200000.0,POINT (104.76858000000004 -2.9838647999999353)
213,213,214,c20e48bc-fbef-11eb-a0e3-0050568846de,admin,Pompa Sungai Tembuku (4),2021,BWS Sumatera VI,Jambi,Kota Jambi,Jambi Timur,Kasang,Tembuku,1.0,Submersible,berfungsi,1643155200000.0,POINT (103.62325000000004 -1.582920799999954)
214,214,215,e8cf9d86-fbef-11eb-a0e3-0050568846de,admin,Pompa Bendung (4),2021,BBWS Sumatera VIII,Sumatera Selatan,Palembang,Ilir Timur II,Ilir,Tidak Diketahui,6.0,Submersible,berfungsi,1643155200000.0,POINT (104.76858000000004 -2.9838647999999353)
215,215,216,e8ce2535-fbef-11eb-a0e3-0050568846de,admin,Pompa Bendung (3),2021,BBWS Sumatera VIII,Sumatera Selatan,Palembang,Ilir Timur II,Ilir,Tidak Diketahui,6.0,Submersible,berfungsi,1643155200000.0,POINT (104.76858000000004 -2.9838647999999353)
216,216,217,8372f290-fbf0-11eb-a0e3-0050568846de,admin,Pompa Pluit Barat (1),2021,BBWS Ciliwung Cisadane,DKI Jakarta,Jakarta Utara,Pluit,Penjaringan,Tidak Diketahui,6.0,Submersible,berfungsi,1643155200000.0,POINT (106.79698000000008 -6.109513799999945)
217,217,218,e8d191e1-fbef-11eb-a0e3-0050568846de,admin,Pompa Bendung (5),2021,BBWS Sumatera VIII,Sumatera Selatan,Palembang,Ilir Timur II,Ilir,Tidak Diketahui,6.0,Submersible,berfungsi,1643155200000.0,POINT (104.76858000000004 -2.9838647999999353)
218,218,219,ec1c4a9a-7dad-11ec-9f7c-0050568846de,najib_baedlowi,Pompa Kali Semarang (5),2021,PU Kota,Jawa Tengah,,Tidak Diketahui,Tidak Diketahui,Tidak Diketahui,5.0,Tidak Diketahui,Operasional,1643155200000.0,POINT (110.40564530000006 -6.953074899999933)
219,219,220,f5394cc5-2bc1-494f-98e0-9faecbce6319,Tidak Diketahui,Pompa Muktiharjo (2),2021,PU Kota,Jawa Tengah,,Tidak Diketahui,Tidak Diketahui,Tidak Diketahui,1.3,Tidak Diketahui,Operasional,1643241600000.0,POINT (110.45993420000008 -6.97471059999998)
220,220,221,eb72ba4b-fbf2-11eb-a0e3-0050568846de,admin,Pompa Sumberjati (1),2021,BBWS Brantas,Jawa Timur,Mojokerto,Jatirejo,Sumberjati,Tidak Diketahui,0.5,Submersible,berfungsi,1643155200000.0,POINT (112.44191000000001 -7.474849999999947)
221,221,222,eccf2e97-7dad-11ec-9f7c-0050568846de,najib_baedlowi,Rumah Pompa Bandara (13),2021,PU Kota,Jawa Tengah,,Tidak Diketahui,Tidak Diketahui,Tidak Diketahui,0.1,Tidak Diketahui,Operasional,1643155200000.0,POINT (110.36458800000008 -6.975516599999935)
222,222,223,846f3a90-05c2-48d0-b141-ba1c384a7164,Tidak Diketahui,Pompa Tunggu Pampang (3),2021,BBWS Pompengan Jeneberang,Sulawesi Selatan,Maros,Bangkala,Manggala,Tidak Diketahui,2.0,Submersible,berfungsi,1629849600000.0,POINT (119.43167900000003 -5.189014999999927)
223,223,224,30818a46-fbf3-11eb-a0e3-0050568846de,admin,Pompa Tamalate (10),2021,BWS Sulawesi II,Gorontalo,Gorontalo,Tamalate,Mangasa,Jeneberang,0.01,Alkon Pump,berfungsi,1643155200000.0,POINT (119.43167900000003 -5.189014999999927)
224,224,225,83c11ef2-fbf0-11eb-a0e3-0050568846de,admin,Pompa Rawabadak (2),2021,BBWS Ciliwung Cisadane,DKI Jakarta,Jakarta Utara,Koja,Rawabadak Utara,Tidak Diketahui,5.0,Submersible,berfungsi,1643155200000.0,POINT (106.89705000000004 -6.12181529999998)
225,225,226,83a1478c-fbf0-11eb-a0e3-0050568846de,admin,Pompa Pluit Barat (6),2021,BBWS Ciliwung Cisadane,DKI Jakarta,Jakarta Utara,Pluit,Penjaringan,Tidak Diketahui,4.0,Submersible,berfungsi,1643155200000.0,POINT (106.79698000000008 -6.109513799999945)
226,226,227,838e7bc4-fbf0-11eb-a0e3-0050568846de,admin,Pompa Pluit Barat (4),2021,BBWS Ciliwung Cisadane,DKI Jakarta,Jakarta Utara,Pluit,Penjaringan,Tidak Diketahui,4.0,Submersible,berfungsi,1643155200000.0,POINT (106.79698000000008 -6.109513799999945)
227,227,228,ec1e0f60-7dad-11ec-9f7c-0050568846de,najib_baedlowi,Pompa Kali Semarang (6),2021,PU Kota,Jawa Tengah,,Tidak Diketahui,Tidak Diketahui,Tidak Diketahui,5.0,Tidak Diketahui,Operasional,1643155200000.0,POINT (110.40564530000006 -6.953074899999933)
228,228,229,83aa9240-fbf0-11eb-a0e3-0050568846de,admin,Pompa Pluit Barat (7),2021,BBWS Ciliwung Cisadane,DKI Jakarta,Jakarta Utara,Pluit,Penjaringan,Tidak Diketahui,4.0,Submersible,berfungsi,1643155200000.0,POINT (106.79698000000008 -6.109513799999945)
229,229,230,83ece688-fbf0-11eb-a0e3-0050568846de,admin,Polder Kalimati (1),2021,BBWS Ciliwung Cisadane,Jawa Barat,Kota Bekasi,Bekasi Timur,Margahayu,Tidak Diketahui,3.0,Submersible,berfungsi,1643155200000.0,POINT (106.99858000000006 -6.248648599999967)
230,230,231,83dd6ed4-fbf0-11eb-a0e3-0050568846de,admin,Pompa Ancol (2),2021,BBWS Ciliwung Cisadane,DKI Jakarta,Jakarta Utara,Pademangan,Pademangan Barat,Tidak Diketahui,4.0,Submersible,berfungsi,1643155200000.0,POINT (106.83983000000006 -6.130791699999975)
231,231,232,83cb129d-fbf0-11eb-a0e3-0050568846de,admin,Pompa Rawabadak (3),2021,BBWS Ciliwung Cisadane,DKI Jakarta,Jakarta Utara,Koja,Rawabadak Utara,Tidak Diketahui,5.0,Submersible,berfungsi,1643155200000.0,POINT (106.89705000000004 -6.12181529999998)
232,232,233,83b4baeb-fbf0-11eb-a0e3-0050568846de,admin,Pompa Rawabadak (1),2021,BBWS Ciliwung Cisadane,DKI Jakarta,Jakarta Utara,Koja,Rawabadak Utara,Tidak Diketahui,5.0,Submersible,berfungsi,1643155200000.0,POINT (106.89705000000004 -6.12181529999998)
233,233,234,ece96bb2-7dad-11ec-9f7c-0050568846de,najib_baedlowi,Rumah Pompa Bandara (14),2021,PU Kota,Jawa Tengah,,Tidak Diketahui,Tidak Diketahui,Tidak Diketahui,0.1,Tidak Diketahui,Operasional,1643155200000.0,POINT (110.36458800000008 -6.975516599999935)
234,234,235,ba94a925-fbf2-11eb-a0e3-0050568846de,admin,Pompa Banjir Karang Pacar (1),2021,BBWS Bengawan Solo,Jawa Timur,Bojonegoro,Bojonegoro,Kadipaten,Tidak Diketahui,1.5,Submersible,berfungsi,1643155200000.0,POINT (111.88391000000007 -7.146724999999947)
235,235,236,83d56da2-fbf0-11eb-a0e3-0050568846de,admin,Pompa Ancol (1),2021,BBWS Ciliwung Cisadane,DKI Jakarta,Jakarta Utara,Pademangan,Pademangan Barat,Tidak Diketahui,4.0,Submersible,berfungsi,1643155200000.0,POINT (106.83983000000006 -6.130791699999975)
236,236,237,8405dcaf-fbf0-11eb-a0e3-0050568846de,admin,Polder Kalimati (4),2021,BBWS Ciliwung Cisadane,Jawa Barat,Kota Bekasi,Bekasi Timur,Margahayu,Tidak Diketahui,2.0,Submersible,berfungsi,1643155200000.0,POINT (106.99858000000006 -6.248648599999967)
237,237,238,83e50a0a-fbf0-11eb-a0e3-0050568846de,admin,Pompa Ancol (3),2021,BBWS Ciliwung Cisadane,DKI Jakarta,Jakarta Utara,Pademangan,Pademangan Barat,Tidak Diketahui,3.1,Submersible,berfungsi,1643155200000.0,POINT (106.83983000000006 -6.130791699999975)
238,238,239,83fe132f-fbf0-11eb-a0e3-0050568846de,admin,Polder Kalimati (3),2021,BBWS Ciliwung Cisadane,Jawa Barat,Kota Bekasi,Bekasi Timur,Margahayu,Tidak Diketahui,2.0,Submersible,berfungsi,1643155200000.0,POINT (106.99858000000006 -6.248648599999967)
239,239,240,83f48667-fbf0-11eb-a0e3-0050568846de,admin,Polder Kalimati (2),2021,BBWS Ciliwung Cisadane,Jawa Barat,Kota Bekasi,Bekasi Timur,Margahayu,Tidak Diketahui,3.0,Submersible,berfungsi,1643155200000.0,POINT (106.99858000000006 -6.248648599999967)
240,240,241,840de7b5-fbf0-11eb-a0e3-0050568846de,admin,Polder Kalimati (5),2021,BBWS Ciliwung Cisadane,Jawa Barat,Kota Bekasi,Bekasi Timur,Margahayu,Tidak Diketahui,2.0,Submersible,berfungsi,1643155200000.0,POINT (106.99858000000006 -6.248648599999967)
241,241,242,8416182c-fbf0-11eb-a0e3-0050568846de,admin,Pompa Harian Indah RW 17,2021,BBWS Ciliwung Cisadane,Jawa Barat,Kota Bekasi,Medan Satria,Medan Satria,Tidak Diketahui,0.05,Submersible,berfungsi,1643155200000.0,POINT (106.99858110000008 -6.248648599999967)
242,242,243,841f704e-fbf0-11eb-a0e3-0050568846de,admin,Pompa Harian Indah RW 16,2021,BBWS Ciliwung Cisadane,Jawa Barat,Kota Bekasi,Medan Satria,Medan Satria,Tidak Diketahui,0.05,Submersible,berfungsi,1643155200000.0,POINT (106.99858110000008 -6.248648599999967)
243,243,244,eb785927-fbf2-11eb-a0e3-0050568846de,admin,Pompa Sumberjati (2),2021,BBWS Brantas,Jawa Timur,Mojokerto,Jatirejo,Sumberjati,Tidak Diketahui,0.5,Submersible,berfungsi,1643155200000.0,POINT (112.44191000000001 -7.474849999999947)
244,244,245,eb634268-7dad-11ec-9f7c-0050568846de,najib_baedlowi,Rumah Pompa Majapahit ,2021,PU Kota,Jawa Tengah,,Tidak Diketahui,Tidak Diketahui,Tidak Diketahui,0.3,Tidak Diketahui,Operasional,1643155200000.0,POINT (110.43696760000006 -6.99753359999994)
245,245,246,84418bc0-fbf0-11eb-a0e3-0050568846de,admin,Pompa 2 Kampung Pulo (1),2021,BBWS Ciliwung Cisadane,DKI Jakarta,Jakarta Timur,Jatinegara,Kampung Melayu,Tidak Diketahui,0.08,Submersible,berfungsi,1643155200000.0,POINT (106.86083320000006 -6.2189630999999395)
246,246,247,842720e2-fbf0-11eb-a0e3-0050568846de,admin,Pompa Harian Indah RW 20,2021,BBWS Ciliwung Cisadane,Jawa Barat,Kota Bekasi,Medan Satria,Medan Satria,Tidak Diketahui,0.05,Submersible,berfungsi,1643155200000.0,POINT (106.86288000000008 -6.217188499999963)
247,247,248,ec1fce73-7dad-11ec-9f7c-0050568846de,najib_baedlowi,Pompa Kali Semarang (7),2021,PU Kota,Jawa Tengah,,Tidak Diketahui,Tidak Diketahui,Tidak Diketahui,2.5,Tidak Diketahui,Operasional,1643155200000.0,POINT (110.40564530000006 -6.953074899999933)
248,248,249,842efd66-fbf0-11eb-a0e3-0050568846de,admin,Pompa 1 Kampung Pulo (1),2021,BBWS Ciliwung Cisadane,DKI Jakarta,Jakarta Timur,Jatinegara,Kampung Melayu,Tidak Diketahui,0.1,Submersible,berfungsi,1643155200000.0,POINT (106.86288000000008 -6.217188499999963)
249,249,250,309682ff-fbf3-11eb-a0e3-0050568846de,admin,Pompa Tamalate (11),2021,BWS Sulawesi II,Gorontalo,Gorontalo,Tamalate,Mangasa,Jeneberang,0.01,Alkon Pump,berfungsi,1643155200000.0,POINT (119.43167900000003 -5.189014999999927)
250,250,251,84392845-fbf0-11eb-a0e3-0050568846de,admin,Pompa 1 Kampung Pulo (2),2021,BBWS Ciliwung Cisadane,DKI Jakarta,Jakarta Timur,Jatinegara,Kampung Melayu,Tidak Diketahui,0.03,Submersible,berfungsi,1643155200000.0,POINT (106.86288000000008 -6.217188499999963)
251,251,252,84498d45-fbf0-11eb-a0e3-0050568846de,admin,Pompa 2 Kampung Pulo (2),2021,BBWS Ciliwung Cisadane,DKI Jakarta,Jakarta Timur,Jatinegara,Kampung Melayu,Tidak Diketahui,0.03,Submersible,berfungsi,1643155200000.0,POINT (106.86083320000006 -6.2189630999999395)
252,252,253,83ac4441-f439-45dc-9aef-5f0c6d885b6e,Tidak Diketahui,Rumah Pompa Waru (2),2021,PU Kota ,Jawa Tengah,,Tidak Diketahui,Tidak Diketahui,Tidak Diketahui,0.6,Tidak Diketahui,Operasional ,1643241600000.0,POINT (110.44255500000008 -6.965273999999965)
253,253,254,eceb64d5-7dad-11ec-9f7c-0050568846de,najib_baedlowi,Rumah Pompa Bandara (15),2021,PU Kota,Jawa Tengah,,Tidak Diketahui,Tidak Diketahui,Tidak Diketahui,0.1,Tidak Diketahui,Operasional,1643155200000.0,POINT (110.36458800000008 -6.975516599999935)
254,254,255,ba9dcc67-fbf2-11eb-a0e3-0050568846de,admin,Pompa Banjir Karang Pacar (2),2021,BBWS Bengawan Solo,Jawa Timur,Bojonegoro,Bojonegoro,Kadipaten,Tidak Diketahui,1.5,Submersible,berfungsi,1643155200000.0,POINT (111.88391000000007 -7.146724999999947)
255,255,256,847159dd-fbf0-11eb-a0e3-0050568846de,admin,Pompa 5 Bukit Duri (1),2021,BBWS Ciliwung Cisadane,DKI Jakarta,Jakarta Selatan,Tebet,Bukit Duri,Tidak Diketahui,0.1,Submersible,berfungsi,1643155200000.0,POINT (106.85929000000004 -6.219916699999942)
256,256,257,8458e414-fbf0-11eb-a0e3-0050568846de,admin,Pompa 3 Bukit Duri,2021,BBWS Ciliwung Cisadane,DKI Jakarta,Jakarta Selatan,Tebet,Bukit Duri,Tidak Diketahui,0.05,Submersible,berfungsi,1643155200000.0,POINT (106.85929000000004 -6.219916699999942)
257,257,258,84921f5e-fbf0-11eb-a0e3-0050568846de,admin,Pompa 7 Bukit Duri (1),2021,BBWS Ciliwung Cisadane,DKI Jakarta,Jakarta Selatan,Tebet,Bukit Duri,Tidak Diketahui,0.08,Submersible,berfungsi,1643155200000.0,POINT (106.85929000000004 -6.219916699999942)
258,258,259,8478f324-fbf0-11eb-a0e3-0050568846de,admin,Pompa 5 Bukit Duri (2),2021,BBWS Ciliwung Cisadane,DKI Jakarta,Jakarta Selatan,Tebet,Bukit Duri,Tidak Diketahui,0.15,Submersible,berfungsi,1643155200000.0,POINT (106.85929000000004 -6.219916699999942)
259,259,260,8460930b-fbf0-11eb-a0e3-0050568846de,admin,Pompa 4 Bukit Duri (1),2021,BBWS Ciliwung Cisadane,DKI Jakarta,Jakarta Selatan,Tebet,Bukit Duri,Tidak Diketahui,0.15,Submersible,berfungsi,1643155200000.0,POINT (106.85929000000004 -6.219916699999942)
260,260,261,ececd8b1-7dad-11ec-9f7c-0050568846de,najib_baedlowi,Rumah Pompa Bandara (16),2021,PU Kota,Jawa Tengah,,Tidak Diketahui,Tidak Diketahui,Tidak Diketahui,0.1,Tidak Diketahui,Operasional,1643155200000.0,POINT (110.36458800000008 -6.975516599999935)
261,261,262,ec217c5a-7dad-11ec-9f7c-0050568846de,najib_baedlowi,Pompa Kali Semarang (8),2021,PU Kota,Jawa Tengah,,Tidak Diketahui,Tidak Diketahui,Tidak Diketahui,2.5,Tidak Diketahui,Operasional,1643155200000.0,POINT (110.40564530000006 -6.953074899999933)
262,262,263,84ab4729-fbf0-11eb-a0e3-0050568846de,admin,Pompa 8 Bukit Duri (2),2021,BBWS Ciliwung Cisadane,DKI Jakarta,Jakarta Selatan,Tebet,Bukit Duri,Tidak Diketahui,0.15,Submersible,berfungsi,1643155200000.0,POINT (106.85929000000004 -6.219916699999942)
263,263,264,baa5bfe9-fbf2-11eb-a0e3-0050568846de,admin,Pompa Banjir Pucangsawit (1),2021,BBWS Bengawan Solo,Jawa Tengah,Surakarta,Jebres,Pucangsawit,Tidak Diketahui,1.0,Submersible,berfungsi,1643155200000.0,POINT (110.84680000000009 -7.57141699999994)
264,264,265,8480debe-fbf0-11eb-a0e3-0050568846de,admin,Pompa 6 Bukit Duri (1),2021,BBWS Ciliwung Cisadane,DKI Jakarta,Jakarta Selatan,Tebet,Bukit Duri,Tidak Diketahui,0.25,Submersible,berfungsi,1643155200000.0,POINT (106.85929000000004 -6.219916699999942)
265,265,266,8499e90a-fbf0-11eb-a0e3-0050568846de,admin,Pompa 7 Bukit Duri (2),2021,BBWS Ciliwung Cisadane,DKI Jakarta,Jakarta Selatan,Tebet,Bukit Duri,Tidak Diketahui,0.08,Submersible,berfungsi,1643155200000.0,POINT (106.85929000000004 -6.219916699999942)
266,266,267,848a0b78-fbf0-11eb-a0e3-0050568846de,admin,Pompa 6 Bukit Duri (2),2021,BBWS Ciliwung Cisadane,DKI Jakarta,Jakarta Selatan,Tebet,Bukit Duri,Tidak Diketahui,0.75,Submersible,berfungsi,1643155200000.0,POINT (106.85929000000004 -6.219916699999942)
267,267,268,84ba4234-fbf0-11eb-a0e3-0050568846de,admin,Pompa 9 Bukit Duri (1),2021,BBWS Ciliwung Cisadane,DKI Jakarta,Jakarta Selatan,Tebet,Bukit Duri,Tidak Diketahui,0.1,Submersible,berfungsi,1643155200000.0,POINT (106.85929000000004 -6.219916699999942)
268,268,269,84a0d38d-fbf0-11eb-a0e3-0050568846de,admin,Pompa 8 Bukit Duri (1),2021,BBWS Ciliwung Cisadane,DKI Jakarta,Jakarta Selatan,Tebet,Bukit Duri,Tidak Diketahui,0.15,Submersible,berfungsi,1643155200000.0,POINT (106.85929000000004 -6.219916699999942)
269,269,270,84b22d4b-fbf0-11eb-a0e3-0050568846de,admin,Pompa 8 Bukit Duri (3),2021,BBWS Ciliwung Cisadane,DKI Jakarta,Jakarta Selatan,Tebet,Bukit Duri,Tidak Diketahui,0.15,Submersible,berfungsi,1643155200000.0,POINT (106.85929000000004 -6.219916699999942)
270,270,271,729d2f76-c7ca-47e6-87ac-4905a16ac493,Tidak Diketahui,Pompa Pluit Barat (1),2021,BBWS Ciliwung Cisadane,DKI Jakarta,Jakarta Utara,Pluit,Penjaringan,Tidak Diketahui,6.0,Submersible,berfungsi,1629849600000.0,POINT (106.79698460000009 -6.109513799999945)
271,271,272,84c1f3a0-fbf0-11eb-a0e3-0050568846de,admin,Pompa 9 Bukit Duri (2),2021,BBWS Ciliwung Cisadane,DKI Jakarta,Jakarta Selatan,Tebet,Bukit Duri,Tidak Diketahui,0.1,Submersible,berfungsi,1643155200000.0,POINT (106.85929000000004 -6.219916699999942)
272,272,273,30a9ac6e-fbf3-11eb-a0e3-0050568846de,admin,Pompa Tamalate (12),2021,BWS Sulawesi II,Gorontalo,Gorontalo,Tamalate,Mangasa,Jeneberang,0.01,Alkon Pump,berfungsi,1643155200000.0,POINT (119.43167900000003 -5.189014999999927)
273,273,274,c229edc1-b95c-4609-aa30-152777c54a95,Tidak Diketahui,Rumah Pompa Waru (3),2021,PU Kota ,Jawa Tengah,,Tidak Diketahui,Tidak Diketahui,Tidak Diketahui,0.6,Tidak Diketahui,Operasional ,1643241600000.0,POINT (110.44255500000008 -6.965273999999965)
274,274,275,a96d582c-bd19-48e6-866b-62402066a81f,Tidak Diketahui,Pompa 5 Bukit Duri (1),2021,BBWS Ciliwung Cisadane,DKI Jakarta,Jakarta Selatan,Tebet,Bukit Duri,Tidak Diketahui,0.0,Submersible,berfungsi,1629849600000.0,POINT (106.85928810000007 -6.219916699999942)
275,275,276,eb6512a4-7dad-11ec-9f7c-0050568846de,najib_baedlowi,Rumah Pompa Manggis (1),2021,PU Kota,Jawa Tengah,,Tidak Diketahui,Tidak Diketahui,Tidak Diketahui,0.6,Tidak Diketahui,Rusak,1643155200000.0,POINT (110.43558410000009 -7.00043949999997)
276,276,277,ae29c486-b4d2-402a-ae08-3c55d16d6a85,Tidak Diketahui,Pompa Pluit Barat (4),2021,BBWS Ciliwung Cisadane,DKI Jakarta,Jakarta Utara,Pluit,Penjaringan,Tidak Diketahui,4.0,Submersible,berfungsi,1629849600000.0,POINT (106.79698460000009 -6.109513799999945)
277,277,278,ecee92b9-7dad-11ec-9f7c-0050568846de,najib_baedlowi,Rumah Pompa Bandara (17),2021,PU Kota,Jawa Tengah,,Tidak Diketahui,Tidak Diketahui,Tidak Diketahui,0.1,Tidak Diketahui,Operasional,1643155200000.0,POINT (110.36458800000008 -6.975516599999935)
278,278,279,73fc5f29-017e-4d9b-aee0-1a6a3a0a33c5,Tidak Diketahui,Pompa Pluit Barat (2),2021,BBWS Ciliwung Cisadane,DKI Jakarta,Jakarta Utara,Pluit,Penjaringan,Tidak Diketahui,6.0,Submersible,berfungsi,1629849600000.0,POINT (106.79698460000009 -6.109513799999945)
279,279,280,baae9c46-fbf2-11eb-a0e3-0050568846de,admin,Pompa Banjir Pucangsawit (2),2021,BBWS Bengawan Solo,Jawa Tengah,Surakarta,Jebres,Pucangsawit,Tidak Diketahui,1.0,Submersible,berfungsi,1643155200000.0,POINT (110.84680000000009 -7.57141699999994)
280,280,281,0596dbd7-5685-451d-a3c6-9754fa504f5b,Tidak Diketahui,Pompa 5 Bukit Duri (2),2021,BBWS Ciliwung Cisadane,DKI Jakarta,Jakarta Selatan,Tebet,Bukit Duri,Tidak Diketahui,0.0,Submersible,berfungsi,1629849600000.0,POINT (106.85928810000007 -6.219916699999942)
281,281,282,c18cc1e6-8a95-4095-8440-7dd41cc70fb4,Tidak Diketahui,Rumah Pompa Waru (4),2021,BBWS Pemali Juana ,Jawa Tengah,,Tidak Diketahui,Tidak Diketahui,Tidak Diketahui,2.0,Tidak Diketahui,Rencana tambahan 2021 ,1643241600000.0,POINT (110.44255500000008 -6.965273999999965)
282,282,283,8be1948a-7751-4431-bf19-2ea1e16f0002,Tidak Diketahui,Pompa Pluit Barat (3),2021,BBWS Ciliwung Cisadane,DKI Jakarta,Jakarta Utara,Pluit,Penjaringan,Tidak Diketahui,6.0,Submersible,berfungsi,1629849600000.0,POINT (106.79698460000009 -6.109513799999945)
283,283,284,7846ab5a-e9b2-43b6-9fc3-c81062790d18,Tidak Diketahui,Pompa Pluit Barat (7),2021,BBWS Ciliwung Cisadane,DKI Jakarta,Jakarta Utara,Pluit,Penjaringan,Tidak Diketahui,4.0,Submersible,berfungsi,1629849600000.0,POINT (106.79698460000009 -6.109513799999945)
284,284,285,42837ab2-d858-4441-b983-ae76d116bb6a,Tidak Diketahui,Pompa Pluit Barat (5),2021,BBWS Ciliwung Cisadane,DKI Jakarta,Jakarta Utara,Pluit,Penjaringan,Tidak Diketahui,4.0,Submersible,berfungsi,1629849600000.0,POINT (106.79698460000009 -6.109513799999945)
285,285,286,4cabccd1-62da-49f4-ad13-fe340ee63146,Tidak Diketahui,Pompa 6 Bukit Duri (1),2021,BBWS Ciliwung Cisadane,DKI Jakarta,Jakarta Selatan,Tebet,Bukit Duri,Tidak Diketahui,0.0,Submersible,berfungsi,1629849600000.0,POINT (106.85928810000007 -6.219916699999942)
286,286,287,eb66d4a6-7dad-11ec-9f7c-0050568846de,najib_baedlowi,Rumah Pompa Manggis (2),2021,PU Kota,Jawa Tengah,,Tidak Diketahui,Tidak Diketahui,Tidak Diketahui,0.2,Tidak Diketahui,Operasional,1643155200000.0,POINT (110.43558410000009 -7.00043949999997)
287,287,288,ec2337a0-7dad-11ec-9f7c-0050568846de,najib_baedlowi,Rumah Pompa Bom Lama 1 (1),2021,PU Kota,Jawa Tengah,,Tidak Diketahui,Tidak Diketahui,Tidak Diketahui,0.1,Tidak Diketahui,Operasional,1643155200000.0,POINT (110.41823600000004 -6.961555999999973)
288,288,289,eb7f8bb0-fbf2-11eb-a0e3-0050568846de,admin,Pompa Gedang (1),2021,BBWS Brantas,Jawa Timur,Mojokerto,Puri,Banjaragung,Tidak Diketahui,0.5,Submersible,berfungsi,1643155200000.0,POINT (112.44191000000001 -7.474849999999947)
289,289,290,30bc8db7-fbf3-11eb-a0e3-0050568846de,admin,Pompa Tamalate (13),2021,BWS Sulawesi II,Gorontalo,Gorontalo,Tamalate,Mangasa,Jeneberang,0.01,Alkon Pump,berfungsi,1643155200000.0,POINT (119.43167900000003 -5.189014999999927)
290,290,291,ec4b9e01-7dad-11ec-9f7c-0050568846de,najib_baedlowi,Rumah Pompa Bom Lama 1 (2),2021,PU Kota,Jawa Tengah,,Tidak Diketahui,Tidak Diketahui,Tidak Diketahui,0.1,Tidak Diketahui,Operasional,1643155200000.0,POINT (110.41823600000004 -6.961555999999973)
291,291,292,7c3dc99f-434c-4891-98c6-e17ea80b1086,Tidak Diketahui,Pompa 6 Bukit Duri (2),2021,BBWS Ciliwung Cisadane,DKI Jakarta,Jakarta Selatan,Tebet,Bukit Duri,Tidak Diketahui,1.0,Submersible,berfungsi,1629849600000.0,POINT (106.85928810000007 -6.219916699999942)
292,292,293,bbfeb793-85b9-4d0e-8d93-a3c7528d5301,Tidak Diketahui,Pompa 7 Bukit Duri (1),2021,BBWS Ciliwung Cisadane,DKI Jakarta,Jakarta Selatan,Tebet,Bukit Duri,Tidak Diketahui,0.0,Submersible,berfungsi,1629849600000.0,POINT (106.85928810000007 -6.219916699999942)
293,293,294,ecf073fa-7dad-11ec-9f7c-0050568846de,najib_baedlowi,Rumah Pompa Bandara (18),2021,PU Kota,Jawa Tengah,,Tidak Diketahui,Tidak Diketahui,Tidak Diketahui,0.1,Tidak Diketahui,Operasional,1643155200000.0,POINT (110.36458800000008 -6.975516599999935)
294,294,295,ef6020fe-cdf4-49f3-9760-f83fe1e8fd5a,Tidak Diketahui,Pompa Rawabadak (1),2021,BBWS Ciliwung Cisadane,DKI Jakarta,Jakarta Utara,Koja,Rawabadak Utara,Tidak Diketahui,5.0,Submersible,berfungsi,1629849600000.0,POINT (106.89705380000004 -6.12181529999998)
295,295,296,c8519311-591f-4e9c-b8b3-748cda6a55fc,Tidak Diketahui,Pompa Rawabadak (2),2021,BBWS Ciliwung Cisadane,DKI Jakarta,Jakarta Utara,Koja,Rawabadak Utara,Tidak Diketahui,5.0,Submersible,berfungsi,1629849600000.0,POINT (106.89705380000004 -6.12181529999998)
296,296,297,bab854be-fbf2-11eb-a0e3-0050568846de,admin,Pompa Banjir Demangan,2021,BBWS Bengawan Solo,Jawa Tengah,Surakarta,Jebres,Sewu,Tidak Diketahui,0.5,Submersible,berfungsi,1643155200000.0,POINT (110.84018000000009 -7.575702999999976)
297,297,298,eb872caf-fbf2-11eb-a0e3-0050568846de,admin,Pompa Gedang (2),2021,BBWS Brantas,Jawa Timur,Mojokerto,Puri,Banjaragung,Tidak Diketahui,0.5,Submersible,berfungsi,1643155200000.0,POINT (112.44191000000001 -7.474849999999947)
298,298,299,2163fbd8-c719-4045-9eb9-d701a61fa835,Tidak Diketahui,Polder Kalimati (1),2021,BBWS Ciliwung Cisadane,Jawa Barat,Kota Bekasi,Bekasi Timur,Margahayu,Tidak Diketahui,3.0,Submersible,berfungsi,1629849600000.0,POINT (106.99858110000008 -6.248648599999967)
299,299,300,210fea58-8b43-4473-9ea5-cb8aa095397f,Tidak Diketahui,Pompa banjir pancasila (1),2021,BBWS Bengawan Solo,Jawa Timur,Madiun,Manguharjo,Nambangan,Tidak Diketahui,1.0,Centrifugal,berfungsi,1629849600000.0,POINT (111.51222000000007 -7.6301899999999705)
300,300,301,c86564ff-b41e-4488-b02d-7e3ad8e98b1c,Tidak Diketahui,Pompa Ancol (1),2021,BBWS Ciliwung Cisadane,DKI Jakarta,Jakarta Utara,Pademangan,Pademangan Barat,Tidak Diketahui,4.0,Submersible,berfungsi,1629849600000.0,POINT (106.83983400000005 -6.130791699999975)
301,301,302,5b4a829a-5e92-4d0a-aa77-d8c98d8afb01,Tidak Diketahui,Polder Kalimati (2),2021,BBWS Ciliwung Cisadane,Jawa Barat,Kota Bekasi,Bekasi Timur,Margahayu,Tidak Diketahui,3.0,Submersible,berfungsi,1629849600000.0,POINT (106.99858110000008 -6.248648599999967)
302,302,303,c0f3e2bf-48b4-4907-934d-e1dafcf4b689,Tidak Diketahui,Pompa Ancol (2),2021,BBWS Ciliwung Cisadane,DKI Jakarta,Jakarta Utara,Pademangan,Pademangan Barat,Tidak Diketahui,4.0,Submersible,berfungsi,1629849600000.0,POINT (106.83983400000005 -6.130791699999975)
303,303,304,92b35e42-3816-478f-ac24-c696fe268826,Tidak Diketahui,Pompa Meri (1),2021,BBWS Brantas,Jawa Timur,Mojokerto,Magersari,Meri,Tidak Diketahui,1.0,Submersible,berfungsi,1629849600000.0,POINT (110.84018300000008 -7.575702999999976)
304,304,305,fa013aab-6a8d-4753-b57e-873d4e4b320c,Tidak Diketahui,Pompa Ancol (3),2021,BBWS Ciliwung Cisadane,DKI Jakarta,Jakarta Utara,Pademangan,Pademangan Barat,Tidak Diketahui,3.0,Submersible,berfungsi,1629849600000.0,POINT (106.83983400000005 -6.130791699999975)
305,305,306,ec4dbc6c-7dad-11ec-9f7c-0050568846de,najib_baedlowi,Rumah Pompa Bom Lama 1 (3),2021,PU Kota,Jawa Tengah,,Tidak Diketahui,Tidak Diketahui,Tidak Diketahui,0.08,Tidak Diketahui,Operasional,1643155200000.0,POINT (110.41823600000004 -6.961555999999973)
306,306,307,ecf1eeca-7dad-11ec-9f7c-0050568846de,najib_baedlowi,Rumah Pompa Bandara (19),2021,PU Kota,Jawa Tengah,,Tidak Diketahui,Tidak Diketahui,Tidak Diketahui,0.1,Tidak Diketahui,Operasional,1643155200000.0,POINT (110.36458800000008 -6.975516599999935)
307,307,308,30ce3fda-fbf3-11eb-a0e3-0050568846de,admin,Pompa Tamalate (14),2021,BWS Sulawesi II,Gorontalo,Gorontalo,Tamalate,Mangasa,Jeneberang,0.01,Alkon Pump,berfungsi,1643155200000.0,POINT (119.43167900000003 -5.189014999999927)
308,308,309,75668f6c-ea99-4174-8fda-d03634a3fbe8,Tidak Diketahui,Polder Kalimati (5),2021,BBWS Ciliwung Cisadane,Jawa Barat,Kota Bekasi,Bekasi Timur,Margahayu,Tidak Diketahui,2.0,Submersible,berfungsi,1629849600000.0,POINT (106.99858110000008 -6.248648599999967)
309,309,310,273e7d6d-aedd-4f68-8bdf-c6bd993f6384,Tidak Diketahui,Pompa 1 Kampung Pulo (1),2021,BBWS Ciliwung Cisadane,DKI Jakarta,Jakarta Timur,Jatinegara,Kampung Melayu,Tidak Diketahui,0.0,Submersible,berfungsi,1629849600000.0,POINT (106.86287870000007 -6.217188499999963)
310,310,311,1e4af475-4392-4197-b82a-4c669f263925,Tidak Diketahui,Polder Kalimati (3),2021,BBWS Ciliwung Cisadane,Jawa Barat,Kota Bekasi,Bekasi Timur,Margahayu,Tidak Diketahui,2.0,Submersible,berfungsi,1629849600000.0,POINT (106.99858110000008 -6.248648599999967)
311,311,312,f9399aed-c9d0-4335-8e9f-27a4cb1415dd,Tidak Diketahui,Pompa Harian Indah RW 17,2021,BBWS Ciliwung Cisadane,Jawa Barat,Kota Bekasi,Medan Satria,Medan Satria,Tidak Diketahui,0.0,Submersible,berfungsi,1629849600000.0,POINT (106.99858110000008 -6.248648599999967)
312,312,313,ed04820d-7dad-11ec-9f7c-0050568846de,najib_baedlowi,Rumah Pompa Bandara (20),2021,PU Kota,Jawa Tengah,,Tidak Diketahui,Tidak Diketahui,Tidak Diketahui,0.1,Tidak Diketahui,Operasional,1643155200000.0,POINT (110.36458800000008 -6.975516599999935)
313,313,314,ec253509-895a-450c-a3f8-edc85d5272c6,Tidak Diketahui,Polder Kalimati (4),2021,BBWS Ciliwung Cisadane,Jawa Barat,Kota Bekasi,Bekasi Timur,Margahayu,Tidak Diketahui,2.0,Submersible,berfungsi,1629849600000.0,POINT (106.99858110000008 -6.248648599999967)
314,314,315,a64c4784-58ee-44f4-a484-974ffdee7f73,Tidak Diketahui,Pompa Harian Indah RW 16,2021,BBWS Ciliwung Cisadane,Jawa Barat,Kota Bekasi,Medan Satria,Medan Satria,Tidak Diketahui,0.0,Submersible,berfungsi,1629849600000.0,POINT (106.99858110000008 -6.248648599999967)
315,315,316,600d4e28-f700-4b5b-a11d-49aeadbd6eb9,Tidak Diketahui,Pompa 1 Kampung Pulo (2),2021,BBWS Ciliwung Cisadane,DKI Jakarta,Jakarta Timur,Jatinegara,Kampung Melayu,Tidak Diketahui,0.0,Submersible,berfungsi,1629849600000.0,POINT (106.86287870000007 -6.217188499999963)
316,316,317,ec4fdfdf-7dad-11ec-9f7c-0050568846de,najib_baedlowi,Rumah Pompa Bom Lama 1 (4),2021,PU Kota,Jawa Tengah,,Tidak Diketahui,Tidak Diketahui,Tidak Diketahui,0.08,Tidak Diketahui,Operasional,1643155200000.0,POINT (110.41823600000004 -6.961555999999973)
317,317,318,a4b26f7f-6750-4a54-a024-e7e3f429f1d5,Tidak Diketahui,Pompa banjir pancasila (2),2021,BBWS Bengawan Solo,Jawa Timur,Madiun,Manguharjo,Nambangan,Tidak Diketahui,1.0,Centrifugal,berfungsi,1629849600000.0,POINT (111.51222000000007 -7.6301899999999705)
318,318,319,5cf7cca9-eaad-4a72-93cb-f880bc551ac0,Tidak Diketahui,Pompa Meri (2),2021,BBWS Brantas,Jawa Timur,Mojokerto,Magersari,Meri,Tidak Diketahui,1.0,Submersible,berfungsi,1629849600000.0,POINT (110.84018300000008 -7.575702999999976)
319,319,320,8aaf475a-b4e0-4878-995b-367cb75941a4,Tidak Diketahui,Pompa 3 Bukit Duri,2021,BBWS Ciliwung Cisadane,DKI Jakarta,Jakarta Selatan,Tebet,Bukit Duri,Tidak Diketahui,0.0,Submersible,berfungsi,1629849600000.0,POINT (106.85928810000007 -6.219916699999942)
320,320,321,2291b197-d7c5-4d62-9f15-2a8a141029f1,Tidak Diketahui,Pompa banjir pancasila (3),2021,BBWS Bengawan Solo,Jawa Timur,Madiun,Manguharjo,Nambangan,Tidak Diketahui,1.0,Centrifugal,berfungsi,1629849600000.0,POINT (111.51222000000007 -7.6301899999999705)
321,321,322,4cee1f79-23fa-4a23-ba64-2ec032dc8330,Tidak Diketahui,Pompa 2 Kampung Pulo (1),2021,BBWS Ciliwung Cisadane,DKI Jakarta,Jakarta Timur,Jatinegara,Kampung Melayu,Tidak Diketahui,0.0,Submersible,berfungsi,1629849600000.0,POINT (106.86287870000007 -6.217188499999963)
322,322,323,a8a81fc6-713c-4587-bfd2-296c9b4581ea,Tidak Diketahui,Pompa 4 Bukit Duri (1),2021,BBWS Ciliwung Cisadane,DKI Jakarta,Jakarta Selatan,Tebet,Bukit Duri,Tidak Diketahui,0.0,Submersible,berfungsi,1629849600000.0,POINT (106.85928810000007 -6.219916699999942)
323,323,324,11ebf3a1-301c-4741-8db5-a9d517aa4f6b,Tidak Diketahui,Pompa 2 Kampung Pulo (2),2021,BBWS Ciliwung Cisadane,DKI Jakarta,Jakarta Timur,Jatinegara,Kampung Melayu,Tidak Diketahui,0.0,Submersible,berfungsi,1629849600000.0,POINT (106.86287870000007 -6.217188499999963)
324,324,325,e8a5d797-9896-48a9-b3df-0879d5658134,Tidak Diketahui,Pompa Meri (3),2021,BBWS Brantas,Jawa Timur,Mojokerto,Magersari,Meri,Tidak Diketahui,1.0,Submersible,berfungsi,1629849600000.0,POINT (110.84018300000008 -7.575702999999976)
325,325,326,472011b6-fcc4-44fa-b5df-a0ab49103fcc,Tidak Diketahui,Pompa 3 Kampung Pulo,2021,BBWS Ciliwung Cisadane,DKI Jakarta,Jakarta Timur,Jatinegara,Kampung Melayu,Tidak Diketahui,0.0,Submersible,berfungsi,1629849600000.0,POINT (106.86174500000004 -6.220375399999966)
326,326,327,ec521829-7dad-11ec-9f7c-0050568846de,najib_baedlowi,Rumah Pompa Bom Lama 3 (1),2021,PU Kota,Jawa Tengah,,Tidak Diketahui,Tidak Diketahui,Tidak Diketahui,0.13,Tidak Diketahui,Operasional,1643155200000.0,POINT (110.41823600000004 -6.961555999999973)
327,327,328,ed0d20be-7dad-11ec-9f7c-0050568846de,najib_baedlowi,Rumah Pompa Bandara (21),2021,PU Kota,Jawa Tengah,,Tidak Diketahui,Tidak Diketahui,Tidak Diketahui,0.12,Tidak Diketahui,Operasional,1643155200000.0,POINT (110.36458800000008 -6.975516599999935)
328,328,329,30f5c5b1-fbf3-11eb-a0e3-0050568846de,admin,Pompa Tamalate (16),2021,BWS Sulawesi II,Gorontalo,Gorontalo,Tamalate,Mangasa,Jeneberang,0.01,Alkon Pump,berfungsi,1643155200000.0,POINT (119.43167900000003 -5.189014999999927)
329,329,330,3a169eba-1b3f-4819-b7ba-8673e241fed3,Tidak Diketahui,Pompa 8 Bukit Duri (2),2021,BBWS Ciliwung Cisadane,DKI Jakarta,Jakarta Selatan,Tebet,Bukit Duri,Tidak Diketahui,0.0,Submersible,berfungsi,1629849600000.0,POINT (106.85928810000007 -6.219916699999942)
330,330,331,52bcae28-4f80-4e2c-9de8-6bb5832083e1,Tidak Diketahui,Pompa banjir pancasila (4),2021,BBWS Bengawan Solo,Jawa Timur,Madiun,Manguharjo,Nambangan,Tidak Diketahui,1.0,Centrifugal,berfungsi,1629849600000.0,POINT (111.51222000000007 -7.6301899999999705)
331,331,332,45ce2039-1db9-4f9f-b376-dbfea47395c2,Tidak Diketahui,Pompa 4 Bukit Duri (2),2021,BBWS Ciliwung Cisadane,DKI Jakarta,Jakarta Selatan,Tebet,Bukit Duri,Tidak Diketahui,1.0,Submersible,berfungsi,1629849600000.0,POINT (106.85928810000007 -6.219916699999942)
332,332,333,4dd6c7ad-7c61-40b9-bb97-0e37dce31762,Tidak Diketahui,Pompa 8 Bukit Duri (3),2021,BBWS Ciliwung Cisadane,DKI Jakarta,Jakarta Selatan,Tebet,Bukit Duri,Tidak Diketahui,0.0,Submersible,berfungsi,1629849600000.0,POINT (106.85928810000007 -6.219916699999942)
333,333,334,01b4cfc6-3dbd-4c10-9534-d74420aa8390,Tidak Diketahui,Pompa 7 Bukit Duri (2),2021,BBWS Ciliwung Cisadane,DKI Jakarta,Jakarta Selatan,Tebet,Bukit Duri,Tidak Diketahui,0.0,Submersible,berfungsi,1629849600000.0,POINT (106.85928810000007 -6.219916699999942)
334,334,335,389cf076-03bc-4cd9-8394-31c963a6eabe,Tidak Diketahui,Pompa Meri (4),2021,BBWS Brantas,Jawa Timur,Mojokerto,Magersari,Meri,Tidak Diketahui,1.0,Submersible,berfungsi,1629849600000.0,POINT (110.84018300000008 -7.575702999999976)
335,335,336,2ed38d20-b652-4ad7-92bc-8cbaef4ef33a,Tidak Diketahui,Pompa 8 Bukit Duri (1),2021,BBWS Ciliwung Cisadane,DKI Jakarta,Jakarta Selatan,Tebet,Bukit Duri,Tidak Diketahui,0.0,Submersible,berfungsi,1629849600000.0,POINT (106.85928810000007 -6.219916699999942)
336,336,337,ec53d212-7dad-11ec-9f7c-0050568846de,najib_baedlowi,Rumah Pompa Bom Lama 3 (2),2021,PU Kota,Jawa Tengah,,Tidak Diketahui,Tidak Diketahui,Tidak Diketahui,0.13,Tidak Diketahui,Operasional,1643155200000.0,POINT (110.41823600000004 -6.961555999999973)
337,337,338,ed10d076-7dad-11ec-9f7c-0050568846de,najib_baedlowi,Rumah Pompa Bandara (22),2021,PU Kota,Jawa Tengah,,Tidak Diketahui,Tidak Diketahui,Tidak Diketahui,0.12,Tidak Diketahui,Operasional,1643155200000.0,POINT (110.36458800000008 -6.975516599999935)
338,338,339,310a104a-fbf3-11eb-a0e3-0050568846de,admin,Pompa Tamalate (17),2021,BWS Sulawesi II,Gorontalo,Gorontalo,Tamalate,Mangasa,Jeneberang,0.01,Alkon Pump,berfungsi,1643155200000.0,POINT (119.43167900000003 -5.189014999999927)
339,339,340,523dbc81-fbf0-11eb-a0e3-0050568846de,admin,Pompa Kolam Retensi Cieunteung (4),2021,BBWS Citarum,Jawa Barat,Kab. Bandung,Baleendah,Baleendah,Tidak Diketahui,3.5,Submersible,berfungsi,1643155200000.0,POINT (107.62786000000006 -6.992058499999928)
340,340,341,30fba58b-c89b-4660-9b68-0d82d4d22668,Tidak Diketahui,Pompa 9 Bukit Duri (1),2021,BBWS Ciliwung Cisadane,DKI Jakarta,Jakarta Selatan,Tebet,Bukit Duri,Tidak Diketahui,0.0,Submersible,berfungsi,1629849600000.0,POINT (106.85928810000007 -6.219916699999942)
341,341,342,33fd1acd-4a1c-4158-87ca-94b17aabd596,Tidak Diketahui,Pompa Kolam Retensi Cieunteung (3),2021,BBWS Citarum,Jawa Barat,Kab. Bandung ,Baleendah,Baleendah,Tidak Diketahui,4.0,Submersible,berfungsi,1629849600000.0,POINT (107.62785820000005 -6.992058499999928)
342,342,343,523893c7-fbf0-11eb-a0e3-0050568846de,admin,Pompa Kolam Retensi Cieunteung (1),2021,BBWS Citarum,Jawa Barat,Kab. Bandung,Baleendah,Baleendah,Tidak Diketahui,2.5,Submersible,berfungsi,1643155200000.0,POINT (107.62786000000006 -6.992058499999928)
343,343,344,523f11f7-fbf0-11eb-a0e3-0050568846de,admin,Pompa Oxbow Cisangkuy,2021,BBWS Citarum,Jawa Barat,Kab. Bandung,Pamengpeuk,Bojongkunci,Cisangkuy,0.25,Submersible,berfungsi,1643155200000.0,POINT (107.62785820000005 -6.992058499999928)
344,344,345,523a10bf-fbf0-11eb-a0e3-0050568846de,admin,Pompa Kolam Retensi Cieunteung (2),2021,BBWS Citarum,Jawa Barat,Kab. Bandung,Baleendah,Baleendah,Tidak Diketahui,3.5,Submersible,berfungsi,1643155200000.0,POINT (107.62786000000006 -6.992058499999928)
345,345,346,523c6546-fbf0-11eb-a0e3-0050568846de,admin,Pompa Kolam Retensi Cieunteung (3),2021,BBWS Citarum,Jawa Barat,Kab. Bandung,Baleendah,Baleendah,Tidak Diketahui,3.5,Submersible,berfungsi,1643155200000.0,POINT (107.62786000000006 -6.992058499999928)
346,346,347,88bc5fc4-f15d-4f05-955d-a2af04859868,Tidak Diketahui,Pompa Banjir Beteng (1),2021,BBWS Bengawan Solo,Jawa Timur,Madiun,Manguharjo,Madiun Lor,Tidak Diketahui,1.0,Centrifugal,berfungsi,1629849600000.0,POINT (111.52006100000006 -7.619572999999946)
347,347,348,ed17dc8e-fbf0-11eb-a0e3-0050568846de,admin,Pompa Sringin (1),2021,BBWS Pemali Juana,Jawa Tengah,Semarang,Sayung,Trimulyo,Sringin,2.0,Axial hydraulic,berfungsi,1629849600000.0,POINT (110.46502000000004 -6.944997999999941)
348,348,349,7bf0c491-fcae-427f-a215-ec752a6f087c,Tidak Diketahui,Pompa Kolam Retensi Cieunteung (1),2021,BBWS Citarum,Jawa Barat,Kab. Bandung ,Baleendah,Baleendah,Tidak Diketahui,3.0,Submersible,berfungsi,1629849600000.0,POINT (107.62785820000005 -6.992058499999928)
349,349,350,bc4a6ce2-61c3-41fe-9348-0d921132e2d0,Tidak Diketahui,Pompa Kolam Retensi Cieunteung (4),2021,BBWS Citarum,Jawa Barat,Kab. Bandung ,Baleendah,Baleendah,Tidak Diketahui,4.0,Submersible,berfungsi,1629849600000.0,POINT (107.62785820000005 -6.992058499999928)
350,350,351,ca79dabe-f2f7-489c-a8a0-dd0dd8da1a25,Tidak Diketahui,Pompa Ketintang (1),2021,BBWS Brantas,Jawa Timur,Mojokerto,Gondang,Bakalan,Tidak Diketahui,1.0,Submersible,berfungsi,1629849600000.0,POINT (110.84018300000008 -7.575702999999976)
351,351,352,1d5a6e4a-6c82-41e8-9bad-fc096370580c,Tidak Diketahui,Pompa Kolam Retensi Cieunteung (2),2021,BBWS Citarum,Jawa Barat,Kab. Bandung ,Baleendah,Baleendah,Tidak Diketahui,4.0,Submersible,berfungsi,1629849600000.0,POINT (107.62785820000005 -6.992058499999928)
352,352,353,ed2ee5d6-fbf0-11eb-a0e3-0050568846de,admin,Pompa Sringin (3),2021,BBWS Pemali Juana,Jawa Tengah,Semarang,Sayung,Trimulyo,Sringin,2.0,Axial hydraulic,berfungsi,1629849600000.0,POINT (110.46502000000004 -6.944997999999941)
353,353,354,9a54f874-0291-4acf-8c57-ed182c33f249,Tidak Diketahui,Pompa Oxbow Cisangkuy,2021,BBWS Citarum,Jawa Barat,Kab. Bandung ,Pamengpeuk,Bojongkunci,Cisangkuy,0.0,Submersible,berfungsi,1629849600000.0,POINT (107.62785820000005 -6.992058499999928)
354,354,355,311b0567-fbf3-11eb-a0e3-0050568846de,admin,Pompa Tamalate (18),2021,BWS Sulawesi II,Gorontalo,Gorontalo,Tamalate,Mangasa,Jeneberang,0.01,Alkon Pump,berfungsi,1643155200000.0,POINT (119.43167900000003 -5.189014999999927)
355,355,356,ed23178d-fbf0-11eb-a0e3-0050568846de,admin,Pompa Sringin (2),2021,BBWS Pemali Juana,Jawa Tengah,Semarang,Sayung,Trimulyo,Sringin,2.0,Axial hydraulic,berfungsi,1629849600000.0,POINT (110.46502000000004 -6.944997999999941)
356,356,357,5dfb5101-59b2-4646-91c9-2f987261e39e,Tidak Diketahui,Rumah Pompa Waru (5),2021,BBWS Pemali Juana ,Jawa Tengah,,Tidak Diketahui,Tidak Diketahui,Tidak Diketahui,2.0,Tidak Diketahui,Rencana tambahan 2022,1643241600000.0,POINT (110.44255500000008 -6.965273999999965)
357,357,358,eb686c3b-7dad-11ec-9f7c-0050568846de,najib_baedlowi,Rumah Pompa Manggis (3),2021,PU Kota,Jawa Tengah,,Tidak Diketahui,Tidak Diketahui,Tidak Diketahui,0.15,Tidak Diketahui,Operasional,1643155200000.0,POINT (110.43558410000009 -7.00043949999997)
358,358,359,ec55a9ab-7dad-11ec-9f7c-0050568846de,najib_baedlowi,Rumah Pompa Hasanudin (1),2021,PU Kota,Jawa Tengah,,Tidak Diketahui,Tidak Diketahui,Tidak Diketahui,0.1,Tidak Diketahui,Operasional,1643155200000.0,POINT (110.40847330000008 -6.966081999999972)
359,359,360,ed12621f-7dad-11ec-9f7c-0050568846de,najib_baedlowi,Rumah Pompa Bandara (23),2021,PU Kota,Jawa Tengah,,Tidak Diketahui,Tidak Diketahui,Tidak Diketahui,0.12,Tidak Diketahui,Operasional,1643155200000.0,POINT (110.36458800000008 -6.975516599999935)
360,360,361,eddcee80-fbf0-11eb-a0e3-0050568846de,admin,Pompa sengkarang (3),2021,BBWS Pemali Juana,Jawa Tengah,Pekalongan,Wonokerto,Pecakaran,Tidak Diketahui,2.0,Submersible,berfungsi,1629849600000.0,POINT (109.64553000000006 -6.860519999999951)
361,361,362,ed7d3bda-fbf0-11eb-a0e3-0050568846de,admin,Pompa Tenggang (5),2021,BBWS Pemali Juana,Jawa Tengah,Semarang,Gayamsari,Tambakrejo,Tenggang,2.0,Axial hydraulic,berfungsi,1629849600000.0,POINT (110.44762000000009 -6.950183999999979)
362,362,363,eda44ebc-fbf0-11eb-a0e3-0050568846de,admin,Pompa Silempeng (3),2021,BBWS Pemali Juana,Jawa Tengah,Pekalongan,Siwalan,Depok,Tidak Diketahui,2.0,Submersible,berfungsi,1629849600000.0,POINT (109.60244000000006 -6.865365999999938)
363,363,364,ed5b1f10-fbf0-11eb-a0e3-0050568846de,admin,Pompa Tenggang (2),2021,BBWS Pemali Juana,Jawa Tengah,Semarang,Gayamsari,Tambakrejo,Tenggang,2.0,Axial hydraulic,berfungsi,1629849600000.0,POINT (110.44762000000009 -6.950183999999979)
364,364,365,ed87b2f3-fbf0-11eb-a0e3-0050568846de,admin,Pompa Tenggang (6),2021,BBWS Pemali Juana,Jawa Tengah,Semarang,Gayamsari,Tambakrejo,Tenggang,2.0,Axial hydraulic,berfungsi,1629849600000.0,POINT (110.44762000000009 -6.950183999999979)
365,365,366,ed72c375-fbf0-11eb-a0e3-0050568846de,admin,Pompa Tenggang (4),2021,BBWS Pemali Juana,Jawa Tengah,Semarang,Gayamsari,Tambakrejo,Tenggang,2.0,Axial hydraulic,berfungsi,1629849600000.0,POINT (110.44762000000009 -6.950183999999979)
366,366,367,ed91dc5f-fbf0-11eb-a0e3-0050568846de,admin,Pompa Silempeng (1),2021,BBWS Pemali Juana,Jawa Tengah,Pekalongan,Siwalan,Depok,Tidak Diketahui,2.0,Submersible,berfungsi,1629849600000.0,POINT (109.60244000000006 -6.865365999999938)
367,367,368,edc5f3bc-fbf0-11eb-a0e3-0050568846de,admin,Pompa sengkarang (1),2021,BBWS Pemali Juana,Jawa Tengah,Pekalongan,Wonokerto,Pecakaran,Tidak Diketahui,2.0,Submersible,berfungsi,1629849600000.0,POINT (109.64553000000006 -6.860519999999951)
368,368,369,ed9b4ee3-fbf0-11eb-a0e3-0050568846de,admin,Pompa Silempeng (2),2021,BBWS Pemali Juana,Jawa Tengah,Pekalongan,Siwalan,Depok,Tidak Diketahui,2.0,Submersible,berfungsi,1629849600000.0,POINT (109.60244000000006 -6.865365999999938)
369,369,370,47b4386b-6bac-473e-8c94-18e634c0e0d9,Tidak Diketahui,Pompa Karang Roto (1),2021,PU Kota,Jawa Tengah,,Tidak Diketahui,Tidak Diketahui,Tidak Diketahui,0.6,Tidak Diketahui,Operasional,1643241600000.0,POINT (110.48245180000004 -6.9547209999999495)
370,370,371,ee0066bf-fbf0-11eb-a0e3-0050568846de,admin,Pompa pabean (1),2021,BBWS Pemali Juana,Jawa Tengah,Pekalongan,Tirto,Jeruksari,Tidak Diketahui,2.0,Submersible,berfungsi,1629849600000.0,POINT (109.65546000000006 -6.859586999999976)
371,371,372,edd37801-fbf0-11eb-a0e3-0050568846de,admin,Pompa sengkarang (2),2021,BBWS Pemali Juana,Jawa Tengah,Pekalongan,Wonokerto,Pecakaran,Tidak Diketahui,2.0,Submersible,berfungsi,1629849600000.0,POINT (109.64553000000006 -6.860519999999951)
372,372,373,1166d5c9-2b2c-4b6a-a4dc-d1f140c50a22,Tidak Diketahui,Pompa Banjardowo (2),2021,BBWS Pemali Juana,Jawa Tengah,,Tidak Diketahui,Tidak Diketahui,Tidak Diketahui,1.0,Tidak Diketahui,Rencana 2022,1643241600000.0,POINT (110.48670710000005 -6.955993299999932)
373,373,374,ee0918aa-fbf0-11eb-a0e3-0050568846de,admin,Pompa pabean (2),2021,BBWS Pemali Juana,Jawa Tengah,Pekalongan,Tirto,Jeruksari,Tidak Diketahui,2.0,Submersible,berfungsi,1629849600000.0,POINT (109.65546000000006 -6.859586999999976)
374,374,375,fd658c4b-7f44-43ea-b52c-33eee9630b61,Tidak Diketahui,Pompa Karang Roto (2),2021,PU Kota,Jawa Tengah,,Tidak Diketahui,Tidak Diketahui,Tidak Diketahui,0.6,Tidak Diketahui,Operasional,1643241600000.0,POINT (110.48245180000004 -6.9547209999999495)
375,375,376,15329136-78c7-4db4-9c81-4b5e63aca3d4,Tidak Diketahui,Pompa Genuk Babon (1),2021,BBWS Pemali Juana,Jawa Tengah,,Tidak Diketahui,Tidak Diketahui,Tidak Diketahui,0.35,Tidak Diketahui,Rencana 2023,1643241600000.0,POINT (110.49821400000008 -6.958247999999969)
376,376,377,143eb509-b680-46c9-baa8-044e883d3065,Tidak Diketahui,Pompa Banjardowo (1),2021,BBWS Pemali Juana,Jawa Tengah,,Tidak Diketahui,Tidak Diketahui,Tidak Diketahui,1.0,Tidak Diketahui,Rencana 2022,1643241600000.0,POINT (110.48670710000005 -6.955993299999932)
377,377,378,5e01f229-6991-44da-87fd-1fc43f8402b3,Tidak Diketahui,Pompa Banjardowo (3),2021,BBWS Pemali Juana,Jawa Tengah,,Tidak Diketahui,Tidak Diketahui,Tidak Diketahui,1.0,Tidak Diketahui,Rencana 2022,1643241600000.0,POINT (110.48670710000005 -6.955993299999932)
378,378,379,77fa7b96-0950-47c6-b92e-bea44239e9fb,Tidak Diketahui,Pompa Kali Pacar (1),2021,PU Kota,Jawa Tengah,,Tidak Diketahui,Tidak Diketahui,Tidak Diketahui,0.6,Tidak Diketahui,Operasional,1643241600000.0,POINT (110.45578700000004 -6.956970999999953)
379,379,380,5d0916d7-e987-40ab-82db-48665d111df0,Tidak Diketahui,Pompa Genuk Babon (2),2021,BBWS Pemali Juana,Jawa Tengah,,Tidak Diketahui,Tidak Diketahui,Tidak Diketahui,0.35,Tidak Diketahui,Rencana 2023,1643241600000.0,POINT (110.49821400000008 -6.958247999999969)
380,380,381,3068bb39-c4ea-45a7-a204-6fee3b85ba4d,Tidak Diketahui,Pompa Kali Pacar (2),2021,PU Kota,Jawa Tengah,,Tidak Diketahui,Tidak Diketahui,Tidak Diketahui,0.6,Tidak Diketahui,Operasional,1643241600000.0,POINT (110.45578700000004 -6.956970999999953)
381,381,382,c51d0962-025f-4574-a04e-2f48192a4f8b,Tidak Diketahui,Rumah Pompa Gebangsari (1),2021,PU Kota,Jawa Tengah,,Tidak Diketahui,Tidak Diketahui,Tidak Diketahui,0.6,Tidak Diketahui,Rusak,1643241600000.0,POINT (110.44680180000006 -6.957737699999939)
382,382,383,e486f40b-17fe-451f-bab0-008cf794a21c,Tidak Diketahui,Rumah Pompa Gebangsari (2),2021,PU Kota,Jawa Tengah,,Tidak Diketahui,Tidak Diketahui,Tidak Diketahui,0.6,Tidak Diketahui,Rusak,1643241600000.0,POINT (110.44680180000006 -6.957737699999939)
383,383,384,055dfc39-c98a-4c44-badd-3afe02746090,Tidak Diketahui,Pompa Muktiharjo (1),2021,PU Kota,Jawa Tengah,,Tidak Diketahui,Tidak Diketahui,Tidak Diketahui,1.3,Tidak Diketahui,Operasional,1643241600000.0,POINT (110.45993420000008 -6.97471059999998)
384,384,385,5de7e154-0014-4dee-995e-5492bbf19a92,Tidak Diketahui,Rumah Pompa Waru (1),2021,PU Kota ,Jawa Tengah,,Tidak Diketahui,Tidak Diketahui,Tidak Diketahui,0.6,Tidak Diketahui,Operasional ,1643241600000.0,POINT (110.44255500000008 -6.965273999999965)
